trial_id,controller,base_mass_kg,target_x,target_y,target_z,final_error_m,max_base_angle_deg,base_omega_integral,effort_integral,smoothness_integral,min_manipulability,precision_success,base_stable_success,original_base_mass_kg,inertia_scale,new_base_inertia_x,new_base_inertia_y,new_base_inertia_z,mean_mu,mean_lambda
0,clik,40.0,0.7208846169945873,-0.01472901416116601,0.850509271968984,0.2907159805216401,32.59520852142634,0.6175171049235223,3.0354603704811782,12.020030316610642,0.006074164141894536,0,0,42.0,0.9523809523809523,2.6759999999999997,1.6379047619047615,1.200761904761905,nan,nan
0,dls,40.0,0.7208846169945873,-0.01472901416116601,0.850509271968984,0.26695266643063625,32.78132048462215,0.6118169566534675,2.9245277200383657,9.945259185132475,0.015587013440588875,0,0,42.0,0.9523809523809523,2.6759999999999997,1.6379047619047615,1.200761904761905,nan,0.04
0,fixed_rns,40.0,0.7208846169945873,-0.01472901416116601,0.850509271968984,0.23308236106086583,34.2501850078585,0.7030015500743787,8.575018421901678,12.392361271861619,0.034355791184880045,1,0,42.0,0.9523809523809523,2.6759999999999997,1.6379047619047615,1.200761904761905,8.0,0.04
0,react_ns,40.0,0.7208846169945873,-0.01472901416116601,0.850509271968984,0.1596023453098711,32.94373353399859,0.602327193294479,3.5791426379677422,7.589927453888452,0.108070820744931,1,1,42.0,0.9523809523809523,2.6759999999999997,1.6379047619047615,1.200761904761905,37.88062255593827,0.10919270256346711
1,clik,40.0,0.6940788101707774,-0.2387847238730278,0.8914678230728645,0.2678764121823985,33.449902385818184,0.9727382620317164,15.825524028613252,326192.15277025325,8.166467666778526e-05,0,0,42.0,0.9523809523809523,2.6759999999999997,1.6379047619047615,1.200761904761905,nan,nan
1,dls,40.0,0.6940788101707774,-0.2387847238730278,0.8914678230728645,0.25018627371669544,33.560506557634156,0.6661015358958804,3.038549116391417,10.811153105409467,0.005416038336111207,0,0,42.0,0.9523809523809523,2.6759999999999997,1.6379047619047615,1.200761904761905,nan,0.04
1,fixed_rns,40.0,0.6940788101707774,-0.2387847238730278,0.8914678230728645,0.2749253501596958,36.162724970493585,0.7915036379863141,8.39408324760084,23.77155451568487,0.022285518408088373,0,0,42.0,0.9523809523809523,2.6759999999999997,1.6379047619047615,1.200761904761905,8.0,0.04
1,react_ns,40.0,0.6940788101707774,-0.2387847238730278,0.8914678230728645,0.146809603290963,36.37862190181289,0.6918656482797927,3.4833357076352955,8.078856130816082,0.09010966575934401,1,0,42.0,0.9523809523809523,2.6759999999999997,1.6379047619047615,1.200761904761905,39.26013805029726,0.1153988540360938
2,clik,40.0,0.7163988956966236,0.21094179843001987,0.5948397714364411,0.5558698006878985,33.861269859932776,0.9675826246095915,13.629200923031561,283162.9942502582,8.141310594969613e-05,0,0,42.0,0.9523809523809523,2.6759999999999997,1.6379047619047615,1.200761904761905,nan,nan
2,dls,40.0,0.7163988956966236,0.21094179843001987,0.5948397714364411,0.5173041285990783,34.03919961121531,0.763788637066545,3.077229252867057,10.78526439410044,0.008325437461062356,0,0,42.0,0.9523809523809523,2.6759999999999997,1.6379047619047615,1.200761904761905,nan,0.04
2,fixed_rns,40.0,0.7163988956966236,0.21094179843001987,0.5948397714364411,0.47194063102591494,34.18783760883478,0.802372495308458,9.168727449280139,15.088689954337285,0.032151013037458626,0,0,42.0,0.9523809523809523,2.6759999999999997,1.6379047619047615,1.200761904761905,8.0,0.04
2,react_ns,40.0,0.7163988956966236,0.21094179843001987,0.5948397714364411,0.3553861076671388,32.256265322968304,0.5982392252838723,3.5078989255295867,8.897643117421463,0.11054231237620957,0,0,42.0,0.9523809523809523,2.6759999999999997,1.6379047619047615,1.200761904761905,16.929313765424254,0.11201141392427165
3,clik,40.0,0.6076350782634485,-0.05898128424882221,0.8743677460970107,0.059755609187920944,34.93038517661023,0.6246803809100226,1.4715297166254204,16.85786128847321,0.077953418413207,1,0,42.0,0.9523809523809523,2.6759999999999997,1.6379047619047615,1.200761904761905,nan,nan
3,dls,40.0,0.6076350782634485,-0.05898128424882221,0.8743677460970107,0.058479410126578375,34.943901270635806,0.6247561164644877,1.4411544940592493,16.28362601375273,0.07832232711926859,1,0,42.0,0.9523809523809523,2.6759999999999997,1.6379047619047615,1.200761904761905,nan,0.04
3,fixed_rns,40.0,0.6076350782634485,-0.05898128424882221,0.8743677460970107,0.058745552706796655,35.102865307084556,0.6755232228043334,5.417888987443888,34.346878626779244,0.08078740515268423,1,0,42.0,0.9523809523809523,2.6759999999999997,1.6379047619047615,1.200761904761905,8.0,0.04
3,react_ns,40.0,0.6076350782634485,-0.05898128424882221,0.8743677460970107,0.052590153946901544,32.97662663750292,0.6179477586375379,3.0149108094619113,9.460774159482021,0.11153419984988205,1,1,42.0,0.9523809523809523,2.6759999999999997,1.6379047619047615,1.200761904761905,55.2559817273512,0.10801895110178193
4,clik,40.0,0.6753527920282326,0.23479504862603945,0.705194969589566,0.5647401685869496,34.14143604416381,0.8896442495831332,4.383704441051432,146.05747157298242,8.119445954238839e-05,0,0,42.0,0.9523809523809523,2.6759999999999997,1.6379047619047615,1.200761904761905,nan,nan
4,dls,40.0,0.6753527920282326,0.23479504862603945,0.705194969589566,0.3962733938407609,34.2802981728009,0.753277104748556,3.085168675255857,11.716394984560226,0.01119688390448858,0,0,42.0,0.9523809523809523,2.6759999999999997,1.6379047619047615,1.200761904761905,nan,0.04
4,fixed_rns,40.0,0.6753527920282326,0.23479504862603945,0.705194969589566,0.34566376119042924,34.3987362361922,0.7867554024531537,9.264690805145385,16.225864720369707,0.03428075527046321,0,0,42.0,0.9523809523809523,2.6759999999999997,1.6379047619047615,1.200761904761905,8.0,0.04
4,react_ns,40.0,0.6753527920282326,0.23479504862603945,0.705194969589566,0.26864565097465243,31.06282146421526,0.5663630329144032,3.521361033654459,9.513726991101242,0.10653081908496573,0,0,42.0,0.9523809523809523,2.6759999999999997,1.6379047619047615,1.200761904761905,23.68999623642311,0.11220248741816012
5,clik,40.0,0.5295335526246719,0.06048011156029259,0.5723360396364614,0.35427156835133644,35.45958673901736,0.7018782949135481,2.964124992238024,21.095524089130752,0.075509613158915,0,0,42.0,0.9523809523809523,2.6759999999999997,1.6379047619047615,1.200761904761905,nan,nan
5,dls,40.0,0.5295335526246719,0.06048011156029259,0.5723360396364614,0.34990109322253043,35.52989972260359,0.7025018511832225,2.9453459337876193,20.4604945347442,0.07652708647606456,0,0,42.0,0.9523809523809523,2.6759999999999997,1.6379047619047615,1.200761904761905,nan,0.04
5,fixed_rns,40.0,0.5295335526246719,0.06048011156029259,0.5723360396364614,0.3713659405389192,35.94303941106833,0.8671993514146943,9.52549516233002,34.90702832169324,0.09772124846613464,0,0,42.0,0.9523809523809523,2.6759999999999997,1.6379047619047615,1.200761904761905,8.0,0.04
5,react_ns,40.0,0.5295335526246719,0.06048011156029259,0.5723360396364614,0.21326391416306303,33.522463579816225,0.7076522408255427,3.7479952682263207,10.881392057867904,0.09965279423873655,1,0,42.0,0.9523809523809523,2.6759999999999997,1.6379047619047615,1.200761904761905,27.75566358232961,0.11495480177701377
6,clik,40.0,0.7396709101974037,0.11058185942934212,0.8153307090298809,0.35224534647819444,32.43461453424541,0.9300402409226959,13.515775910500153,279183.8867904584,8.177480050686023e-05,0,0,42.0,0.9523809523809523,2.6759999999999997,1.6379047619047615,1.200761904761905,nan,nan
6,dls,40.0,0.7396709101974037,0.11058185942934212,0.8153307090298809,0.32092915792059323,32.636862303114825,0.6408510342310245,2.980803236987504,9.829036524554313,0.007793530258846055,0,0,42.0,0.9523809523809523,2.6759999999999997,1.6379047619047615,1.200761904761905,nan,0.04
6,fixed_rns,40.0,0.7396709101974037,0.11058185942934212,0.8153307090298809,0.3046947265070213,34.107651874636126,0.7294134325618025,8.987042797495427,17.25242817511492,0.028043849510554768,0,0,42.0,0.9523809523809523,2.6759999999999997,1.6379047619047615,1.200761904761905,8.0,0.04
6,react_ns,40.0,0.7396709101974037,0.11058185942934212,0.8153307090298809,0.2155645063235784,31.306536975896638,0.5665328816714282,3.549505782002675,8.861147757125464,0.11317025031227115,1,1,42.0,0.9523809523809523,2.6759999999999997,1.6379047619047615,1.200761904761905,30.490571087415955,0.10817879405083966
7,clik,40.0,0.5740840888454539,0.33095371585668704,0.8625923924627692,0.23071196428445637,35.77419534684719,0.7461421068251647,3.2439357727328413,17.300977025041217,0.012104416408399248,1,0,42.0,0.9523809523809523,2.6759999999999997,1.6379047619047615,1.200761904761905,nan,nan
7,dls,40.0,0.5740840888454539,0.33095371585668704,0.8625923924627692,0.21269163860363655,35.90581352102984,0.7428760449792241,3.1567954636240536,16.36026788442945,0.01947923141539895,1,0,42.0,0.9523809523809523,2.6759999999999997,1.6379047619047615,1.200761904761905,nan,0.04
7,fixed_rns,40.0,0.5740840888454539,0.33095371585668704,0.8625923924627692,0.16508953649903685,36.10835067562679,0.7621782240779721,9.32993409301613,21.390827370051465,0.03869238540517256,1,0,42.0,0.9523809523809523,2.6759999999999997,1.6379047619047615,1.200761904761905,8.0,0.04
7,react_ns,40.0,0.5740840888454539,0.33095371585668704,0.8625923924627692,0.1830006070281817,25.544156154727055,0.4868501606629289,3.502691629493214,11.546480853326898,0.0843410385136693,1,1,42.0,0.9523809523809523,2.6759999999999997,1.6379047619047615,1.200761904761905,33.63142517555515,0.11357518390868483
8,clik,40.0,0.7224342239758167,-0.17348483989622107,0.713352351304462,0.43990647751351114,33.47278278691341,0.9511329215157865,13.34670527828182,269886.9842982706,8.187527105971182e-05,0,0,42.0,0.9523809523809523,2.6759999999999997,1.6379047619047615,1.200761904761905,nan,nan
8,dls,40.0,0.7224342239758167,-0.17348483989622107,0.713352351304462,0.41213560474188177,33.65397023016103,0.7082845762528001,3.036850376034619,10.339783799857056,0.008692415414239945,0,0,42.0,0.9523809523809523,2.6759999999999997,1.6379047619047615,1.200761904761905,nan,0.04
8,fixed_rns,40.0,0.7224342239758167,-0.17348483989622107,0.713352351304462,0.3921274742678186,35.48097655747489,0.7543369773577666,8.407694625440772,15.955820642613332,0.03081704663097991,0,0,42.0,0.9523809523809523,2.6759999999999997,1.6379047619047615,1.200761904761905,8.0,0.04
8,react_ns,40.0,0.7224342239758167,-0.17348483989622107,0.713352351304462,0.24691671722053546,36.13030523819974,0.7041150132240462,3.4741126950856938,7.21845469236724,0.10367808245762615,1,0,42.0,0.9523809523809523,2.6759999999999997,1.6379047619047615,1.200761904761905,25.9645495337942,0.11134789389894245
9,clik,40.0,0.46533131802553007,-0.1997118301560939,0.7890671336348591,0.04342738190988191,36.826389189149516,0.6714168669981051,1.6692274934394367,25.062563303993812,0.10073742493092402,1,0,42.0,0.9523809523809523,2.6759999999999997,1.6379047619047615,1.200761904761905,nan,nan
9,dls,40.0,0.46533131802553007,-0.1997118301560939,0.7890671336348591,0.04286759139921976,36.81255869010518,0.6707213104049212,1.6455331564101359,24.541002158821307,0.10087867149534167,1,0,42.0,0.9523809523809523,2.6759999999999997,1.6379047619047615,1.200761904761905,nan,0.04
9,fixed_rns,40.0,0.46533131802553007,-0.1997118301560939,0.7890671336348591,0.06427081639454439,37.846826684013266,0.7639667579016682,4.484370220662116,59.985598686952834,0.09966609947907941,1,0,42.0,0.9523809523809523,2.6759999999999997,1.6379047619047615,1.200761904761905,8.0,0.04
9,react_ns,40.0,0.46533131802553007,-0.1997118301560939,0.7890671336348591,0.03197078756035365,36.23943936000353,0.7103007097764493,2.6151479970785583,15.63131995798792,0.10882772375381274,1,0,42.0,0.9523809523809523,2.6759999999999997,1.6379047619047615,1.200761904761905,55.7715334848039,0.11052484833705781
10,clik,40.0,0.7106667545677361,0.32888132608223647,0.6640388753483533,0.4787001401666419,34.0037908276423,1.0077212656293784,15.961354804786472,323287.9104421287,8.178612636503328e-05,0,0,42.0,0.9523809523809523,2.6759999999999997,1.6379047619047615,1.200761904761905,nan,nan
10,dls,40.0,0.7106667545677361,0.32888132608223647,0.6640388753483533,0.4593727608032862,34.133909320806495,0.7777480795861127,3.117849170133073,11.152984716603186,0.0036911612980302737,0,0,42.0,0.9523809523809523,2.6759999999999997,1.6379047619047615,1.200761904761905,nan,0.04
10,fixed_rns,40.0,0.7106667545677361,0.32888132608223647,0.6640388753483533,0.525143171752928,35.03359569684193,0.8958324002222396,9.777517750826046,19.538859964958128,0.01949433480478245,0,0,42.0,0.9523809523809523,2.6759999999999997,1.6379047619047615,1.200761904761905,8.0,0.04
10,react_ns,40.0,0.7106667545677361,0.32888132608223647,0.6640388753483533,0.36110613574039646,30.559636653883658,0.5584587437725541,3.4877595895771965,10.149459922533287,0.10444718498555135,0,0,42.0,0.9523809523809523,2.6759999999999997,1.6379047619047615,1.200761904761905,16.695401771335884,0.11245141065527946
11,clik,40.0,0.5796608971122041,0.005211277329275121,0.6163149756795,0.3479806505045061,35.11946396428543,0.654168361432102,2.917501908759486,18.183169769670688,0.06561837288405574,0,0,42.0,0.9523809523809523,2.6759999999999997,1.6379047619047615,1.200761904761905,nan,nan
11,dls,40.0,0.5796608971122041,0.005211277329275121,0.6163149756795,0.3428577932060682,35.21156948643937,0.6556891025409889,2.896771517534511,17.512644254951567,0.0669560224148116,0,0,42.0,0.9523809523809523,2.6759999999999997,1.6379047619047615,1.200761904761905,nan,0.04
11,fixed_rns,40.0,0.5796608971122041,0.005211277329275121,0.6163149756795,0.319319187290997,34.84424324478025,0.7365628360311257,9.041785895668362,32.73428346643047,0.086569466042808,0,0,42.0,0.9523809523809523,2.6759999999999997,1.6379047619047615,1.200761904761905,8.0,0.04
11,react_ns,40.0,0.5796608971122041,0.005211277329275121,0.6163149756795,0.2011587140313185,34.26778081077282,0.7120586696395428,3.726145484194861,9.900080683231835,0.1117569923740885,1,0,42.0,0.9523809523809523,2.6759999999999997,1.6379047619047615,1.200761904761905,29.600148911470132,0.11260896729186393
12,clik,40.0,0.4954725268674151,0.009208202046856906,0.6294182721678094,0.24349825793162447,35.56953920049215,0.6503514920830947,2.968848312191615,22.41741460384758,0.0908944090235319,1,0,42.0,0.9523809523809523,2.6759999999999997,1.6379047619047615,1.200761904761905,nan,nan
12,dls,40.0,0.4954725268674151,0.009208202046856906,0.6294182721678094,0.24068269777663134,35.60544116490664,0.651235024183148,2.953409880944486,22.043615523534744,0.09139293271133121,1,0,42.0,0.9523809523809523,2.6759999999999997,1.6379047619047615,1.200761904761905,nan,0.04
12,fixed_rns,40.0,0.4954725268674151,0.009208202046856906,0.6294182721678094,0.3305213483978889,35.495410676266005,0.9345506945005907,10.002897526003293,40.48201488507667,0.09567571258941031,0,0,42.0,0.9523809523809523,2.6759999999999997,1.6379047619047615,1.200761904761905,8.0,0.04
12,react_ns,40.0,0.4954725268674151,0.009208202046856906,0.6294182721678094,0.14064631783468862,33.950622069599575,0.7319024974075605,3.811603739992738,12.233372835008849,0.09973098106533936,1,0,42.0,0.9523809523809523,2.6759999999999997,1.6379047619047615,1.200761904761905,36.600681755444036,0.11481163010914969
13,clik,40.0,0.6844348981388786,-0.015851252732985044,0.8414373686202432,0.23389459506519533,33.35334334218957,0.6177459572427889,2.8950256049671146,11.751206172226265,0.030487215522528265,1,0,42.0,0.9523809523809523,2.6759999999999997,1.6379047619047615,1.200761904761905,nan,nan
13,dls,40.0,0.6844348981388786,-0.015851252732985044,0.8414373686202432,0.22449851453003183,33.555123557950516,0.6206491295243081,2.850512271269508,11.25759120061654,0.033768609807349595,1,0,42.0,0.9523809523809523,2.6759999999999997,1.6379047619047615,1.200761904761905,nan,0.04
13,fixed_rns,40.0,0.6844348981388786,-0.015851252732985044,0.8414373686202432,0.18811704921978725,34.4324464961088,0.6990745740985863,8.43974003225193,14.655606614865924,0.04764877017580274,1,0,42.0,0.9523809523809523,2.6759999999999997,1.6379047619047615,1.200761904761905,8.0,0.04
13,react_ns,40.0,0.6844348981388786,-0.015851252732985044,0.8414373686202432,0.13294509474253305,33.089170534684676,0.615703986362167,3.5823090512081905,7.834071942227277,0.10890935486793447,1,0,42.0,0.9523809523809523,2.6759999999999997,1.6379047619047615,1.200761904761905,41.48156833460576,0.10942477163878725
14,clik,40.0,0.6950927857007873,-0.09696168310167333,0.8412909304883204,0.2710776720954049,33.237295703416166,0.6456548457112633,3.0023148817530734,11.409833339408156,0.01621653378712419,0,0,42.0,0.9523809523809523,2.6759999999999997,1.6379047619047615,1.200761904761905,nan,nan
14,dls,40.0,0.6950927857007873,-0.09696168310167333,0.8412909304883204,0.25498107961768207,33.401815499516125,0.6425145781793331,2.9206093387526124,10.764513632013205,0.022353237808099283,0,0,42.0,0.9523809523809523,2.6759999999999997,1.6379047619047615,1.200761904761905,nan,0.04
14,fixed_rns,40.0,0.6950927857007873,-0.09696168310167333,0.8412909304883204,0.22026602602186768,34.94477991368083,0.7121366342328139,8.398450286675786,15.862958929024922,0.03971516578017506,1,0,42.0,0.9523809523809523,2.6759999999999997,1.6379047619047615,1.200761904761905,8.0,0.04
14,react_ns,40.0,0.6950927857007873,-0.09696168310167333,0.8412909304883204,0.1420674398720863,34.55390909211255,0.652251557594335,3.5886868802854663,7.506369886909826,0.10349646957677024,1,0,42.0,0.9523809523809523,2.6759999999999997,1.6379047619047615,1.200761904761905,39.96647596893054,0.1108753231767362
15,clik,40.0,0.7316675251238807,-0.04813905363038662,0.6509148363755854,0.49640140670634797,33.38176494784411,0.6735984889983532,3.129741609183519,15.220538276780802,0.0017201477843891149,0,0,42.0,0.9523809523809523,2.6759999999999997,1.6379047619047615,1.200761904761905,nan,nan
15,dls,40.0,0.7316675251238807,-0.04813905363038662,0.6509148363755854,0.4646830431157359,33.57403376809393,0.6628594346847998,2.9904774185602476,10.226306118209866,0.014411280689843693,0,0,42.0,0.9523809523809523,2.6759999999999997,1.6379047619047615,1.200761904761905,nan,0.04
15,fixed_rns,40.0,0.7316675251238807,-0.04813905363038662,0.6509148363755854,0.41827810551322003,34.62682520230345,0.7265355928547319,8.564054146000018,12.897814951247506,0.03826110853616051,0,0,42.0,0.9523809523809523,2.6759999999999997,1.6379047619047615,1.200761904761905,8.0,0.04
15,react_ns,40.0,0.7316675251238807,-0.04813905363038662,0.6509148363755854,0.28173958386218745,34.91186174139272,0.6742171330253631,3.5331281718791043,7.345675148517429,0.1088479042637025,0,0,42.0,0.9523809523809523,2.6759999999999997,1.6379047619047615,1.200761904761905,22.626287196226006,0.1103581563654491
16,clik,40.0,0.6888734263912415,-0.20916088565394864,0.6199678708662879,0.7019514355727566,34.3236563582718,0.8749124437245929,4.682730347885034,137.87100170757782,8.116545074801953e-05,0,0,42.0,0.9523809523809523,2.6759999999999997,1.6379047619047615,1.200761904761905,nan,nan
16,dls,40.0,0.6888734263912415,-0.20916088565394864,0.6199678708662879,0.4822919423666344,34.47367869405225,0.7708689145022699,3.076766240571407,11.472367661566986,0.011735806698036751,0,0,42.0,0.9523809523809523,2.6759999999999997,1.6379047619047615,1.200761904761905,nan,0.04
16,fixed_rns,40.0,0.6888734263912415,-0.20916088565394864,0.6199678708662879,0.4483184111579229,35.96523787241601,0.7771958521097657,8.452585343097482,22.545067955864717,0.03652426231005661,0,0,42.0,0.9523809523809523,2.6759999999999997,1.6379047619047615,1.200761904761905,8.0,0.04
16,react_ns,40.0,0.6888734263912415,-0.20916088565394864,0.6199678708662879,0.2925607316854129,36.62572309239369,0.7321400641044209,3.3364811078027192,7.847430065464523,0.10742571248226239,0,0,42.0,0.9523809523809523,2.6759999999999997,1.6379047619047615,1.200761904761905,21.3933298305288,0.11071613263652552
17,clik,40.0,0.4525767944128519,0.21150084537638986,0.7826977998072113,0.03949897427710708,36.75123069390646,0.6693365349953841,1.6737810279362462,25.563094044390567,0.10204534633033094,1,0,42.0,0.9523809523809523,2.6759999999999997,1.6379047619047615,1.200761904761905,nan,nan
17,dls,40.0,0.4525767944128519,0.21150084537638986,0.7826977998072113,0.03901014034369813,36.737237464928896,0.6685378252492876,1.650601604318791,25.012312847281034,0.10217016266168429,1,0,42.0,0.9523809523809523,2.6759999999999997,1.6379047619047615,1.200761904761905,nan,0.04
17,fixed_rns,40.0,0.4525767944128519,0.21150084537638986,0.7826977998072113,0.08044283642559129,31.532978324925008,0.6517832296178702,8.155037934098877,41.06525562699372,0.05918792757150496,1,1,42.0,0.9523809523809523,2.6759999999999997,1.6379047619047615,1.200761904761905,8.0,0.04
17,react_ns,40.0,0.4525767944128519,0.21150084537638986,0.7826977998072113,0.07787777167088533,28.808600459971405,0.5557844045593382,3.4690478421053688,13.147543478820554,0.07062824283919754,1,1,42.0,0.9523809523809523,2.6759999999999997,1.6379047619047615,1.200761904761905,46.26613036049607,0.12305559940041197
18,clik,40.0,0.6968078825192173,0.20747387016427904,0.710620521438419,0.4305615702697092,33.757748877831226,0.924300767203569,11.869842416950561,233552.44931418137,8.138796069760492e-05,0,0,42.0,0.9523809523809523,2.6759999999999997,1.6379047619047615,1.200761904761905,nan,nan
18,dls,40.0,0.6968078825192173,0.20747387016427904,0.710620521438419,0.40035184677204105,33.919984771906066,0.731852554609611,3.0608960369373213,11.008956759862308,0.010219599783207455,0,0,42.0,0.9523809523809523,2.6759999999999997,1.6379047619047615,1.200761904761905,nan,0.04
18,fixed_rns,40.0,0.6968078825192173,0.20747387016427904,0.710620521438419,0.35530073775035315,34.33040051046368,0.7751149116119601,9.188338276625096,15.946751315802166,0.03327393233443692,0,0,42.0,0.9523809523809523,2.6759999999999997,1.6379047619047615,1.200761904761905,8.0,0.04
18,react_ns,40.0,0.6968078825192173,0.20747387016427904,0.710620521438419,0.26924415410423985,31.394557081139713,0.570763932878475,3.5248365573431757,9.270631788066824,0.11110940899086583,0,0,42.0,0.9523809523809523,2.6759999999999997,1.6379047619047615,1.200761904761905,23.80537731117223,0.11127567015928491
19,clik,40.0,0.6490594185835128,-0.20913195121702266,0.5900855257375908,0.505892958150274,34.84607441921678,0.8019889352166187,3.1581675144181633,13.532558523525461,0.010469124980857858,0,0,42.0,0.9523809523809523,2.6759999999999997,1.6379047619047615,1.200761904761905,nan,nan
19,dls,40.0,0.6490594185835128,-0.20913195121702266,0.5900855257375908,0.48157845849270425,34.988954588971474,0.7955450321455021,3.0729273361504994,13.045632719679626,0.01991487833249295,0,0,42.0,0.9523809523809523,2.6759999999999997,1.6379047619047615,1.200761904761905,nan,0.04
19,fixed_rns,40.0,0.6490594185835128,-0.20913195121702266,0.5900855257375908,0.4372302895329091,36.1292133975289,0.7823297439428968,8.564615751773328,29.640804895037746,0.044581929413056096,0,0,42.0,0.9523809523809523,2.6759999999999997,1.6379047619047615,1.200761904761905,8.0,0.04
19,react_ns,40.0,0.6490594185835128,-0.20913195121702266,0.5900855257375908,0.2881043325125323,36.701697550354666,0.7421893808793658,3.2738847859160076,8.62741041032329,0.10935352345807692,0,0,42.0,0.9523809523809523,2.6759999999999997,1.6379047619047615,1.200761904761905,21.559538155020796,0.11062389279447188
0,clik,100.0,0.7208846169945873,-0.01472901416116601,0.850509271968984,0.163815929519489,26.172290463895678,0.4859184971653442,2.8806212445734123,10.479723914132283,0.015239241335700341,1,1,42.0,2.380952380952381,6.69,4.094761904761905,3.001904761904762,nan,nan
0,dls,100.0,0.7208846169945873,-0.01472901416116601,0.850509271968984,0.14865774927625985,26.267092669312245,0.4846483940359694,2.567212350714164,9.48440615394625,0.020388584662173727,1,1,42.0,2.380952380952381,6.69,4.094761904761905,3.001904761904762,nan,0.04
0,fixed_rns,100.0,0.7208846169945873,-0.01472901416116601,0.850509271968984,0.1169684786043137,26.552874134903544,0.5195873145038142,7.134081051549427,12.283354640295125,0.0340948508625641,1,1,42.0,2.380952380952381,6.69,4.094761904761905,3.001904761904762,8.0,0.04
0,react_ns,100.0,0.7208846169945873,-0.01472901416116601,0.850509271968984,0.10059916272113235,23.20084087511014,0.424757027072785,3.435845676747021,7.574272659188462,0.1158470114086553,1,1,42.0,2.380952380952381,6.69,4.094761904761905,3.001904761904762,46.635094847446304,0.10598846193303262
1,clik,100.0,0.6940788101707774,-0.2387847238730278,0.8914678230728645,0.17359171393430178,26.65838503487439,0.6935774797884444,13.62711011257782,287733.3250791452,8.116819675066821e-05,1,1,42.0,2.380952380952381,6.69,4.094761904761905,3.001904761904762,nan,nan
1,dls,100.0,0.6940788101707774,-0.2387847238730278,0.8914678230728645,0.14891133718968688,26.860316252565866,0.503479509808471,2.765359744831684,10.286118989022912,0.007119046677547171,1,1,42.0,2.380952380952381,6.69,4.094761904761905,3.001904761904762,nan,0.04
1,fixed_rns,100.0,0.6940788101707774,-0.2387847238730278,0.8914678230728645,0.1521129377223899,27.78473315062831,0.560496322616758,7.3139181655733605,23.359906848350448,0.020797787503119572,1,1,42.0,2.380952380952381,6.69,4.094761904761905,3.001904761904762,8.0,0.04
1,react_ns,100.0,0.6940788101707774,-0.2387847238730278,0.8914678230728645,0.08348892196307751,26.546644526332297,0.4890997019702162,3.2563338751345046,8.169351043809488,0.090905781794271,1,1,42.0,2.380952380952381,6.69,4.094761904761905,3.001904761904762,49.140107354020365,0.11341726613463111
2,clik,100.0,0.7163988956966236,0.21094179843001987,0.5948397714364411,0.48166298539826935,26.438824163092246,0.6799636043367381,13.721080149558444,278348.3918003767,8.137496102734765e-05,0,0,42.0,2.380952380952381,6.69,4.094761904761905,3.001904761904762,nan,nan
2,dls,100.0,0.7163988956966236,0.21094179843001987,0.5948397714364411,0.43089857923737573,26.537477034638933,0.530404584835307,3.0964983467132856,11.283452822042872,0.00727326429582327,0,0,42.0,2.380952380952381,6.69,4.094761904761905,3.001904761904762,nan,0.04
2,fixed_rns,100.0,0.7163988956966236,0.21094179843001987,0.5948397714364411,0.40557152372812394,26.543410892916548,0.5789975519530766,9.18821221167352,15.448509110075529,0.028455006895024282,0,0,42.0,2.380952380952381,6.69,4.094761904761905,3.001904761904762,8.0,0.04
2,react_ns,100.0,0.7163988956966236,0.21094179843001987,0.5948397714364411,0.2926342085721422,24.01474910353823,0.4385239687168801,3.5372761529166747,8.980163018795094,0.11240083972554611,0,0,42.0,2.380952380952381,6.69,4.094761904761905,3.001904761904762,20.905949582517447,0.11074337603996431
3,clik,100.0,0.6076350782634485,-0.05898128424882221,0.8743677460970107,0.0004021594189789982,22.821155590380616,0.39838758244294276,0.8499522820105263,16.86612266650143,0.13096991498066662,1,1,42.0,2.380952380952381,6.69,4.094761904761905,3.001904761904762,nan,nan
3,dls,100.0,0.6076350782634485,-0.05898128424882221,0.8743677460970107,0.0004313940710361396,22.811665404195452,0.398217657819256,0.8397486448589409,16.297476688277374,0.1309988930320085,1,1,42.0,2.380952380952381,6.69,4.094761904761905,3.001904761904762,nan,0.04
3,fixed_rns,100.0,0.6076350782634485,-0.05898128424882221,0.8743677460970107,0.0010375354683773866,22.41209387434049,0.40392412591829296,2.9728237914638482,33.88703084777956,0.12620349818502344,1,1,42.0,2.380952380952381,6.69,4.094761904761905,3.001904761904762,8.0,0.04
3,react_ns,100.0,0.6076350782634485,-0.05898128424882221,0.8743677460970107,0.010025701250316047,21.841591793221312,0.3947428544769775,2.1210428099024754,9.271928701321555,0.1292239404470106,1,1,42.0,2.380952380952381,6.69,4.094761904761905,3.001904761904762,63.8110215716645,0.10214121478669255
4,clik,100.0,0.6753527920282326,0.23479504862603945,0.705194969589566,0.3388150240498464,26.70341376286083,0.5299233931744778,3.2271050525387723,18.793354177359042,0.0008448157086475004,0,0,42.0,2.380952380952381,6.69,4.094761904761905,3.001904761904762,nan,nan
4,dls,100.0,0.6753527920282326,0.23479504862603945,0.705194969589566,0.30483430450246773,26.799507041907123,0.5226457648581095,3.084960343136045,12.11967182804913,0.013018929781468274,0,0,42.0,2.380952380952381,6.69,4.094761904761905,3.001904761904762,nan,0.04
4,fixed_rns,100.0,0.6753527920282326,0.23479504862603945,0.705194969589566,0.25541879229796727,26.72832128137328,0.5547899066344895,9.199331097973726,16.657122629890416,0.03323602435948058,0,0,42.0,2.380952380952381,6.69,4.094761904761905,3.001904761904762,8.0,0.04
4,react_ns,100.0,0.6753527920282326,0.23479504862603945,0.705194969589566,0.21424993621323052,22.502352483516635,0.4125380552308174,3.539301180726127,9.646568334244401,0.11012791293727599,1,1,42.0,2.380952380952381,6.69,4.094761904761905,3.001904761904762,28.757849968718062,0.10977369739186865
5,clik,100.0,0.5295335526246719,0.06048011156029259,0.5723360396364614,0.2398826554057265,27.38472201712569,0.5063525544234231,2.944242047164451,21.329884750387688,0.07815618725873703,1,1,42.0,2.380952380952381,6.69,4.094761904761905,3.001904761904762,nan,nan
5,dls,100.0,0.5295335526246719,0.06048011156029259,0.5723360396364614,0.23615499854634917,27.412590982481383,0.5068100349083058,2.9266642556499245,20.637477817600487,0.0789253023133158,1,1,42.0,2.380952380952381,6.69,4.094761904761905,3.001904761904762,nan,0.04
5,fixed_rns,100.0,0.5295335526246719,0.06048011156029259,0.5723360396364614,0.23849892204557527,25.78936538155272,0.5206619754131866,9.47441461877317,35.282336922199605,0.0978159294522981,1,1,42.0,2.380952380952381,6.69,4.094761904761905,3.001904761904762,8.0,0.04
5,react_ns,100.0,0.5295335526246719,0.06048011156029259,0.5723360396364614,0.13980898783066442,24.989043510859084,0.515304656184021,3.845095668490784,10.92719306289233,0.10296617409451407,1,1,42.0,2.380952380952381,6.69,4.094761904761905,3.001904761904762,35.705903405653515,0.1140474583312308
6,clik,100.0,0.7396709101974037,0.11058185942934212,0.8153307090298809,0.24154255276361136,25.562745063418006,0.67026820161153,13.897446282993423,281828.9352701293,8.186629196061083e-05,1,1,42.0,2.380952380952381,6.69,4.094761904761905,3.001904761904762,nan,nan
6,dls,100.0,0.7396709101974037,0.11058185942934212,0.8153307090298809,0.22001594236094218,25.688355327693706,0.47538956682791933,2.9799893724756608,10.22545757248829,0.007506832853333525,1,1,42.0,2.380952380952381,6.69,4.094761904761905,3.001904761904762,nan,0.04
6,fixed_rns,100.0,0.7396709101974037,0.11058185942934212,0.8153307090298809,0.2095587920900699,26.382706378109347,0.5373040876951554,8.768443259540927,17.20481140604792,0.02379837389250227,1,1,42.0,2.380952380952381,6.69,4.094761904761905,3.001904761904762,8.0,0.04
6,react_ns,100.0,0.7396709101974037,0.11058185942934212,0.8153307090298809,0.15668649103565727,22.083078839479185,0.4003444075409233,3.5540718653138463,9.02219140748593,0.12151835189025552,1,1,42.0,2.380952380952381,6.69,4.094761904761905,3.001904761904762,37.39620055512546,0.10516981856852872
7,clik,100.0,0.5740840888454539,0.33095371585668704,0.8625923924627692,0.06556828689226384,28.312925085571457,0.5159462175707987,1.7679849749939318,16.295650913558493,0.044813690518673725,1,1,42.0,2.380952380952381,6.69,4.094761904761905,3.001904761904762,nan,nan
7,dls,100.0,0.5740840888454539,0.33095371585668704,0.8625923924627692,0.06217258022117806,28.3316667015436,0.5152211463660356,1.7040990786382144,15.72431825550816,0.046109826185139716,1,1,42.0,2.380952380952381,6.69,4.094761904761905,3.001904761904762,nan,0.04
7,fixed_rns,100.0,0.5740840888454539,0.33095371585668704,0.8625923924627692,0.02999004858750634,27.933283702356142,0.5278365345597349,5.8758017829103695,21.63395240121621,0.049084208773883774,1,1,42.0,2.380952380952381,6.69,4.094761904761905,3.001904761904762,8.0,0.04
7,react_ns,100.0,0.5740840888454539,0.33095371585668704,0.8625923924627692,0.12897636949991123,18.616981459592573,0.34797930610079064,3.469568622950785,11.573999503026156,0.0892537106030869,1,1,42.0,2.380952380952381,6.69,4.094761904761905,3.001904761904762,40.513439854871805,0.10992621215379828
8,clik,100.0,0.7224342239758167,-0.17348483989622107,0.713352351304462,0.35824187065365065,26.24364786694351,0.6927872466277507,13.932379974517747,287876.72028659185,8.156479983206877e-05,0,0,42.0,2.380952380952381,6.69,4.094761904761905,3.001904761904762,nan,nan
8,dls,100.0,0.7224342239758167,-0.17348483989622107,0.713352351304462,0.3177769344691488,26.345624869656643,0.5059150684963136,3.048239695159206,10.83027322648482,0.007927838438277561,0,0,42.0,2.380952380952381,6.69,4.094761904761905,3.001904761904762,nan,0.04
8,fixed_rns,100.0,0.7224342239758167,-0.17348483989622107,0.713352351304462,0.3021434883560512,27.67843083556963,0.569664075321392,8.50626555677871,16.588413973241263,0.0264692747036138,0,0,42.0,2.380952380952381,6.69,4.094761904761905,3.001904761904762,8.0,0.04
8,react_ns,100.0,0.7224342239758167,-0.17348483989622107,0.713352351304462,0.17631272763057382,27.31958632318698,0.512390576613842,3.59637516244979,7.38918074793902,0.09782971082190987,1,1,42.0,2.380952380952381,6.69,4.094761904761905,3.001904761904762,33.266391705761734,0.11273505666793675
9,clik,100.0,0.46533131802553007,-0.1997118301560939,0.7890671336348591,0.00035838710229183337,24.61279064359248,0.4312405838882175,1.1705454302472469,25.107039660534845,0.11000570956052082,1,1,42.0,2.380952380952381,6.69,4.094761904761905,3.001904761904762,nan,nan
9,dls,100.0,0.46533131802553007,-0.1997118301560939,0.7890671336348591,0.00038317639232780814,24.60319327986888,0.43096014202023275,1.1559851889403896,24.584741760633793,0.11014513602937903,1,1,42.0,2.380952380952381,6.69,4.094761904761905,3.001904761904762,nan,0.04
9,fixed_rns,100.0,0.46533131802553007,-0.1997118301560939,0.7890671336348591,0.0004216700334460786,24.78532633602752,0.4613656229925158,2.922882738221179,59.978370484233935,0.10501670067019298,1,1,42.0,2.380952380952381,6.69,4.094761904761905,3.001904761904762,8.0,0.04
9,react_ns,100.0,0.46533131802553007,-0.1997118301560939,0.7890671336348591,0.0034220030036012368,24.57174464416029,0.45999468997222426,1.9671421176861554,15.542105643233095,0.10917915579268249,1,1,42.0,2.380952380952381,6.69,4.094761904761905,3.001904761904762,62.818691501586954,0.10544799916944612
10,clik,100.0,0.7106667545677361,0.32888132608223647,0.6640388753483533,0.4111756164120727,26.65022053808353,0.728340855104458,15.837526927331048,323743.4727510576,8.176586341939374e-05,0,0,42.0,2.380952380952381,6.69,4.094761904761905,3.001904761904762,nan,nan
10,dls,100.0,0.7106667545677361,0.32888132608223647,0.6640388753483533,0.3773812371907713,26.709266801633927,0.5287290307535185,3.114077261441908,11.829614213806224,0.0035439040583661006,0,0,42.0,2.380952380952381,6.69,4.094761904761905,3.001904761904762,nan,0.04
10,fixed_rns,100.0,0.7106667545677361,0.32888132608223647,0.6640388753483533,0.4865926177644757,27.262833427296147,0.6466386741845562,9.761793647041959,20.09877017246076,0.018142067053839393,0,0,42.0,2.380952380952381,6.69,4.094761904761905,3.001904761904762,8.0,0.04
10,react_ns,100.0,0.7106667545677361,0.32888132608223647,0.6640388753483533,0.3079192654309303,22.146783592526926,0.4067576911155315,3.500411792250158,10.26947036417752,0.10808213665386164,0,0,42.0,2.380952380952381,6.69,4.094761904761905,3.001904761904762,20.144065016966586,0.10971033431720921
11,clik,100.0,0.5796608971122041,0.005211277329275121,0.6163149756795,0.23092748434735808,27.241637242756738,0.49621078822624126,2.898194881550991,18.353845075493897,0.06822526822516457,1,1,42.0,2.380952380952381,6.69,4.094761904761905,3.001904761904762,nan,nan
11,dls,100.0,0.5796608971122041,0.005211277329275121,0.6163149756795,0.2265439765025469,27.301984297033798,0.49768025694844437,2.878900490576279,17.6213915194134,0.06924353164140806,1,1,42.0,2.380952380952381,6.69,4.094761904761905,3.001904761904762,nan,0.04
11,fixed_rns,100.0,0.5796608971122041,0.005211277329275121,0.6163149756795,0.1948994095693164,26.425143350627287,0.534424176200641,9.033894993902145,33.020191966359576,0.08187386487589057,1,1,42.0,2.380952380952381,6.69,4.094761904761905,3.001904761904762,8.0,0.04
11,react_ns,100.0,0.5796608971122041,0.005211277329275121,0.6163149756795,0.1284643313967006,25.599562703621505,0.5170033777360848,3.7935154299055354,9.902110098708764,0.11088423610499912,1,1,42.0,2.380952380952381,6.69,4.094761904761905,3.001904761904762,38.04657539250408,0.11219144044673716
12,clik,100.0,0.4954725268674151,0.009208202046856906,0.6294182721678094,0.1062512371209926,27.577682253646458,0.4933031708876165,2.1237854707805544,22.180856913683417,0.09737074918430698,1,1,42.0,2.380952380952381,6.69,4.094761904761905,3.001904761904762,nan,nan
12,dls,100.0,0.4954725268674151,0.009208202046856906,0.6294182721678094,0.10469372016567344,27.576492003581592,0.49331772548750974,2.087979734771822,21.818195510147447,0.09763782603730535,1,1,42.0,2.380952380952381,6.69,4.094761904761905,3.001904761904762,nan,0.04
12,fixed_rns,100.0,0.4954725268674151,0.009208202046856906,0.6294182721678094,0.23458397419460522,25.424475015806976,0.576722270079029,9.972851441521374,40.620790311434575,0.09798945007643636,1,1,42.0,2.380952380952381,6.69,4.094761904761905,3.001904761904762,8.0,0.04
12,react_ns,100.0,0.4954725268674151,0.009208202046856906,0.6294182721678094,0.07011382737021915,25.132013983881155,0.5220608834985637,3.60571729412856,12.026350480144188,0.10239329557375351,1,1,42.0,2.380952380952381,6.69,4.094761904761905,3.001904761904762,46.446964903112224,0.11379986977995647
13,clik,100.0,0.6844348981388786,-0.015851252732985044,0.8414373686202432,0.08300894238905908,26.62701766591491,0.4796581530427061,1.7067459079303544,10.807853227616441,0.04599191046784089,1,1,42.0,2.380952380952381,6.69,4.094761904761905,3.001904761904762,nan,nan
13,dls,100.0,0.6844348981388786,-0.015851252732985044,0.8414373686202432,0.07913598785401865,26.656328003987376,0.4797507567811994,1.6355348070232474,10.553467149872084,0.04723032656640427,1,1,42.0,2.380952380952381,6.69,4.094761904761905,3.001904761904762,nan,0.04
13,fixed_rns,100.0,0.6844348981388786,-0.015851252732985044,0.8414373686202432,0.05669694457210921,26.7639977588627,0.5095116815899317,5.271214417279575,14.561165853434016,0.051171161807275066,1,1,42.0,2.380952380952381,6.69,4.094761904761905,3.001904761904762,8.0,0.04
13,react_ns,100.0,0.6844348981388786,-0.015851252732985044,0.8414373686202432,0.07515934068877105,23.368719801295327,0.42978252261776867,3.303289268292932,7.785795502851141,0.11626981943688715,1,1,42.0,2.380952380952381,6.69,4.094761904761905,3.001904761904762,50.822561438978376,0.10603010043207481
14,clik,100.0,0.6950927857007873,-0.09696168310167333,0.8412909304883204,0.134210423014638,26.61634936210397,0.49082644113852103,2.390221061685573,10.643713617367471,0.028687473207214466,1,1,42.0,2.380952380952381,6.69,4.094761904761905,3.001904761904762,nan,nan
14,dls,100.0,0.6950927857007873,-0.09696168310167333,0.8412909304883204,0.12579433441919396,26.67576505316944,0.49008491027499435,2.2081924303236424,10.127513412032252,0.03142233620839666,1,1,42.0,2.380952380952381,6.69,4.094761904761905,3.001904761904762,nan,0.04
14,fixed_rns,100.0,0.6950927857007873,-0.09696168310167333,0.8412909304883204,0.09759947360024762,27.078026213626135,0.5257704116411297,6.3408701069132665,15.734563467319798,0.04136278895691057,1,1,42.0,2.380952380952381,6.69,4.094761904761905,3.001904761904762,8.0,0.04
14,react_ns,100.0,0.6950927857007873,-0.09696168310167333,0.8412909304883204,0.08154984143210385,24.80296211807049,0.4571267398797833,3.3467682054779853,7.514258395147782,0.10815652852758056,1,1,42.0,2.380952380952381,6.69,4.094761904761905,3.001904761904762,49.4922625840391,0.1081556173273142
15,clik,100.0,0.7316675251238807,-0.04813905363038662,0.6509148363755854,0.4085093875339089,26.100463727977264,0.6606306955959378,10.74584166852316,208725.03095784909,8.123454354815385e-05,0,0,42.0,2.380952380952381,6.69,4.094761904761905,3.001904761904762,nan,nan
15,dls,100.0,0.7316675251238807,-0.04813905363038662,0.6509148363755854,0.36994184660215124,26.21679393196812,0.49809149818354154,3.0223416027960623,10.646155708206026,0.011204684829823964,0,0,42.0,2.380952380952381,6.69,4.094761904761905,3.001904761904762,nan,0.04
15,fixed_rns,100.0,0.7316675251238807,-0.04813905363038662,0.6509148363755854,0.32888628506172346,26.91808665030468,0.5521840535999328,8.63258434263382,13.340257185729572,0.032033933253953734,0,0,42.0,2.380952380952381,6.69,4.094761904761905,3.001904761904762,8.0,0.04
15,react_ns,100.0,0.7316675251238807,-0.04813905363038662,0.6509148363755854,0.21291830293625924,26.2245819803496,0.49030414357546137,3.598206234398233,7.459714404586867,0.10595022405601337,1,1,42.0,2.380952380952381,6.69,4.094761904761905,3.001904761904762,28.713442742946967,0.11064492458202438
16,clik,100.0,0.6888734263912415,-0.20916088565394864,0.6199678708662879,0.4324348479368371,26.781859487077277,0.6932404064272153,11.79292109355935,221898.79097059683,8.12302493964349e-05,0,0,42.0,2.380952380952381,6.69,4.094761904761905,3.001904761904762,nan,nan
16,dls,100.0,0.6888734263912415,-0.20916088565394864,0.6199678708662879,0.3946771310984934,26.882101025050112,0.5360680469235864,3.096532261141612,11.865059524233011,0.011359364873073702,0,0,42.0,2.380952380952381,6.69,4.094761904761905,3.001904761904762,nan,0.04
16,fixed_rns,100.0,0.6888734263912415,-0.20916088565394864,0.6199678708662879,0.3555734223469104,27.989237521789217,0.5725296085935163,8.540534054547074,23.103626121487068,0.03273483925834981,0,0,42.0,2.380952380952381,6.69,4.094761904761905,3.001904761904762,8.0,0.04
16,react_ns,100.0,0.6888734263912415,-0.20916088565394864,0.6199678708662879,0.21403074685982637,27.892368734003583,0.5409691451918864,3.5848626494061975,7.950965793356563,0.1006599905740707,1,1,42.0,2.380952380952381,6.69,4.094761904761905,3.001904761904762,28.0188152178751,0.11246278040506873
17,clik,100.0,0.4525767944128519,0.21150084537638986,0.7826977998072113,0.0003589860051208669,24.524094389912868,0.4300017910710755,1.1981852867537828,25.611017125599925,0.10776883851419301,1,1,42.0,2.380952380952381,6.69,4.094761904761905,3.001904761904762,nan,nan
17,dls,100.0,0.4525767944128519,0.21150084537638986,0.7826977998072113,0.0003835006358952697,24.514214217380708,0.42968372798247106,1.1831640762151703,25.05806739590923,0.10791815604336279,1,1,42.0,2.380952380952381,6.69,4.094761904761905,3.001904761904762,nan,0.04
17,fixed_rns,100.0,0.4525767944128519,0.21150084537638986,0.7826977998072113,0.0007665512760376878,21.43125165591927,0.41776923688082473,4.777748528510453,40.81133056043771,0.06248899089360726,1,1,42.0,2.380952380952381,6.69,4.094761904761905,3.001904761904762,8.0,0.04
17,react_ns,100.0,0.4525767944128519,0.21150084537638986,0.7826977998072113,0.03488176568370663,19.95426315126958,0.3788936283460019,3.002136930509914,13.081499696991777,0.07519374023461971,1,1,42.0,2.380952380952381,6.69,4.094761904761905,3.001904761904762,53.42349464723599,0.12108666055715527
18,clik,100.0,0.6968078825192173,0.20747387016427904,0.710620521438419,0.34138760980143273,26.43355117484744,0.6577280070708891,12.380733194081582,242004.02656615537,8.142090130727141e-05,0,0,42.0,2.380952380952381,6.69,4.094761904761905,3.001904761904762,nan,nan
18,dls,100.0,0.6968078825192173,0.20747387016427904,0.710620521438419,0.30828909299194107,26.529484500091783,0.5136586029107564,3.067220212362857,11.44188622889219,0.010661416424644595,0,0,42.0,2.380952380952381,6.69,4.094761904761905,3.001904761904762,nan,0.04
18,fixed_rns,100.0,0.6968078825192173,0.20747387016427904,0.710620521438419,0.2675355397562171,26.699366739927108,0.5544449904664266,9.153582830029759,16.43512558621609,0.030616073167272925,0,0,42.0,2.380952380952381,6.69,4.094761904761905,3.001904761904762,8.0,0.04
18,react_ns,100.0,0.6968078825192173,0.20747387016427904,0.710620521438419,0.21397717476234338,22.739334371281778,0.415098274528184,3.5428768184812993,9.404580542889017,0.11452041644823445,1,1,42.0,2.380952380952381,6.69,4.094761904761905,3.001904761904762,28.971911013891088,0.10893171904313166
19,clik,100.0,0.6490594185835128,-0.20913195121702266,0.5900855257375908,0.4152997760723786,27.115479572373697,0.5511433368076363,3.171462994291404,14.021288470130454,0.013683918172379787,0,0,42.0,2.380952380952381,6.69,4.094761904761905,3.001904761904762,nan,nan
19,dls,100.0,0.6490594185835128,-0.20913195121702266,0.5900855257375908,0.39295489944974876,27.202592899166834,0.5465228621708571,3.084938744109667,13.326177773542248,0.02128476443070757,0,0,42.0,2.380952380952381,6.69,4.094761904761905,3.001904761904762,nan,0.04
19,fixed_rns,100.0,0.6490594185835128,-0.20913195121702266,0.5900855257375908,0.3393972286427913,28.030052527619375,0.5693253377139724,8.61629108686532,30.203998359642885,0.042199881002212815,0,0,42.0,2.380952380952381,6.69,4.094761904761905,3.001904761904762,8.0,0.04
19,react_ns,100.0,0.6490594185835128,-0.20913195121702266,0.5900855257375908,0.2069297729746716,27.93307204725591,0.5520917348087327,3.6050820070111085,8.69147273700244,0.10333154272627178,1,1,42.0,2.380952380952381,6.69,4.094761904761905,3.001904761904762,28.46736442135265,0.11207750378736683
0,clik,250.0,0.7208846169945873,-0.01472901416116601,0.850509271968984,0.00029802409308753223,15.215326715417943,0.26558986639218823,0.8778417438779007,9.101779603366758,0.11276587446841309,1,1,42.0,5.9523809523809526,16.725,10.23690476190476,7.504761904761906,nan,nan
0,dls,250.0,0.7208846169945873,-0.01472901416116601,0.850509271968984,0.00032673189328947833,15.201687212893818,0.26534399258168206,0.8671774627277331,9.001286785264568,0.1128706250602841,1,1,42.0,5.9523809523809526,16.725,10.23690476190476,7.504761904761906,nan,0.04
0,fixed_rns,250.0,0.7208846169945873,-0.01472901416116601,0.850509271968984,0.0006217491978728036,14.730282435003016,0.264733174299811,3.262297550808763,11.977009839118816,0.1113763336362379,1,1,42.0,5.9523809523809526,16.725,10.23690476190476,7.504761904761906,8.0,0.04
0,react_ns,250.0,0.7208846169945873,-0.01472901416116601,0.850509271968984,0.028474691551612006,13.872468895760136,0.2542578039371929,2.8458116042485977,7.334291554719909,0.12532368662113408,1,1,42.0,5.9523809523809526,16.725,10.23690476190476,7.504761904761906,59.573262134977725,0.10168144063828753
1,clik,250.0,0.6940788101707774,-0.2387847238730278,0.8914678230728645,0.0002972001121467195,15.679724934419522,0.27390107134905356,0.9417020764672624,9.424067613337884,0.10544118355225353,1,1,42.0,5.9523809523809526,16.725,10.23690476190476,7.504761904761906,nan,nan
1,dls,250.0,0.6940788101707774,-0.2387847238730278,0.8914678230728645,0.0003344089572817542,15.66458799949936,0.2736266242732768,0.9282443393488885,9.296455115612428,0.10558130587990289,1,1,42.0,5.9523809523809526,16.725,10.23690476190476,7.504761904761906,nan,0.04
1,fixed_rns,250.0,0.6940788101707774,-0.2387847238730278,0.8914678230728645,0.0006633602974738866,15.865563082548455,0.2838280609837781,2.895090527190832,22.399541044816797,0.10201924585299595,1,1,42.0,5.9523809523809526,16.725,10.23690476190476,7.504761904761906,8.0,0.04
1,react_ns,250.0,0.6940788101707774,-0.2387847238730278,0.8914678230728645,0.01328957945137726,15.472316936196028,0.2780749765440466,2.2700387175924526,7.8453288779028165,0.11386059693179224,1,1,42.0,5.9523809523809526,16.725,10.23690476190476,7.504761904761906,62.56580625496742,0.10337722314299536
2,clik,250.0,0.7163988956966236,0.21094179843001987,0.5948397714364411,0.3452307723746329,17.819116962370433,0.44454070954343233,14.024791562939498,290962.058509979,8.139999058789692e-05,0,0,42.0,5.9523809523809526,16.725,10.23690476190476,7.504761904761906,nan,nan
2,dls,250.0,0.7163988956966236,0.21094179843001987,0.5948397714364411,0.30383752898233374,17.868211803539406,0.33757206851707994,3.098085633523511,11.648612965470445,0.00771665072257355,0,0,42.0,5.9523809523809526,16.725,10.23690476190476,7.504761904761906,nan,0.04
2,fixed_rns,250.0,0.7163988956966236,0.21094179843001987,0.5948397714364411,0.279519173487713,17.713190809558142,0.3633247318629786,9.15054428476979,15.978651726821965,0.025896930447291102,0,0,42.0,5.9523809523809526,16.725,10.23690476190476,7.504761904761906,8.0,0.04
2,react_ns,250.0,0.7163988956966236,0.21094179843001987,0.5948397714364411,0.22178124523152626,14.836997671824541,0.27029802128452945,3.5435733316261304,9.099845761789629,0.11613618222747754,1,1,42.0,5.9523809523809526,16.725,10.23690476190476,7.504761904761906,26.92117115109961,0.10837131214144363
3,clik,250.0,0.6076350782634485,-0.05898128424882221,0.8743677460970107,0.0002884317391174727,11.788358501500525,0.20579393801894588,0.5435326743404894,16.83091821834611,0.13467579608088723,1,1,42.0,5.9523809523809526,16.725,10.23690476190476,7.504761904761906,nan,nan
3,dls,250.0,0.6076350782634485,-0.05898128424882221,0.8743677460970107,0.0003063843786689064,11.787057023086861,0.20576669653448573,0.5366792420962407,16.261786919525516,0.13472977067119868,1,1,42.0,5.9523809523809526,16.725,10.23690476190476,7.504761904761906,nan,0.04
3,fixed_rns,250.0,0.6076350782634485,-0.05898128424882221,0.8743677460970107,0.00038234846112317276,10.933812702524284,0.1953850513289238,1.7473754688402445,33.41376015593404,0.13405562710413593,1,1,42.0,5.9523809523809526,16.725,10.23690476190476,7.504761904761906,8.0,0.04
3,react_ns,250.0,0.6076350782634485,-0.05898128424882221,0.8743677460970107,0.0020495531058949165,10.89156783728665,0.19465063652326803,1.1572934647221385,8.973172971903793,0.1332777471360217,1,1,42.0,5.9523809523809526,16.725,10.23690476190476,7.504761904761906,68.85686426161558,0.09962643734941806
4,clik,250.0,0.6753527920282326,0.23479504862603945,0.705194969589566,0.14213144270285552,18.309482893015844,0.3388333474457547,2.594196871961455,11.806165373619894,0.026166781936466554,1,1,42.0,5.9523809523809526,16.725,10.23690476190476,7.504761904761906,nan,nan
4,dls,250.0,0.6753527920282326,0.23479504862603945,0.705194969589566,0.13112615961923327,18.350183359193643,0.3380587572515162,2.3779800065967973,11.291405089890477,0.029469614183124698,1,1,42.0,5.9523809523809526,16.725,10.23690476190476,7.504761904761906,nan,0.04
4,fixed_rns,250.0,0.6753527920282326,0.23479504862603945,0.705194969589566,0.08109183589697275,17.72292923686343,0.33628735958880446,6.432578127218034,16.36139190339254,0.041087752181189714,1,1,42.0,5.9523809523809526,16.725,10.23690476190476,7.504761904761906,8.0,0.04
4,react_ns,250.0,0.6753527920282326,0.23479504862603945,0.705194969589566,0.14294852106444692,13.641693005912934,0.25024783670278516,3.5279061055355734,9.775265976458527,0.11194849795776164,1,1,42.0,5.9523809523809526,16.725,10.23690476190476,7.504761904761906,36.99783250020557,0.10643181926633481
5,clik,250.0,0.5295335526246719,0.06048011156029259,0.5723360396364614,0.0442738520921565,18.274007612416412,0.32284509818166013,1.5621469928062657,20.947203941813374,0.09661812197137973,1,1,42.0,5.9523809523809526,16.725,10.23690476190476,7.504761904761906,nan,nan
5,dls,250.0,0.5295335526246719,0.06048011156029259,0.5723360396364614,0.04351724275904285,18.265324324482076,0.3226468584721489,1.5416839216077864,20.33845386483031,0.09677883603063037,1,1,42.0,5.9523809523809526,16.725,10.23690476190476,7.504761904761906,nan,0.04
5,fixed_rns,250.0,0.5295335526246719,0.06048011156029259,0.5723360396364614,0.08163721531334471,16.67067809036616,0.32998700335545034,7.6250064334843275,35.281174724670684,0.10053834482616623,1,1,42.0,5.9523809523809526,16.725,10.23690476190476,7.504761904761906,8.0,0.04
5,react_ns,250.0,0.5295335526246719,0.06048011156029259,0.5723360396364614,0.06507573258970363,15.725733467461897,0.3155601100167362,3.6446808876452907,10.670854496823853,0.10460444262945952,1,1,42.0,5.9523809523809526,16.725,10.23690476190476,7.504761904761906,46.304113853497356,0.11318719878082428
6,clik,250.0,0.7396709101974037,0.11058185942934212,0.8153307090298809,0.01220334780611128,17.648729740141903,0.3098291987537824,1.291817110169734,8.741634489769087,0.035720596049255524,1,1,42.0,5.9523809523809526,16.725,10.23690476190476,7.504761904761906,nan,nan
6,dls,250.0,0.7396709101974037,0.11058185942934212,0.8153307090298809,0.010304522318726575,17.642782493438094,0.3095793246416165,1.2541826262670084,8.664665870388946,0.036405404307570485,1,1,42.0,5.9523809523809526,16.725,10.23690476190476,7.504761904761906,nan,0.04
6,fixed_rns,250.0,0.7396709101974037,0.11058185942934212,0.8153307090298809,0.0030555857490606273,17.141479640433282,0.3095067953090228,4.374832462372653,17.376268884151166,0.04346440319482702,1,1,42.0,5.9523809523809526,16.725,10.23690476190476,7.504761904761906,8.0,0.04
6,react_ns,250.0,0.7396709101974037,0.11058185942934212,0.8153307090298809,0.08287467535712835,13.469338674625282,0.24721464415817704,3.399092332485786,8.887759801080815,0.12865772361653213,1,1,42.0,5.9523809523809526,16.725,10.23690476190476,7.504761904761906,48.45865180753761,0.10237170003456081
7,clik,250.0,0.5740840888454539,0.33095371585668704,0.8625923924627692,0.0002610087290101529,15.26450325177842,0.2670965425145485,0.9130406897037847,16.307479074069278,0.13520457120463492,1,1,42.0,5.9523809523809526,16.725,10.23690476190476,7.504761904761906,nan,nan
7,dls,250.0,0.5740840888454539,0.33095371585668704,0.8625923924627692,0.0002874676581705581,15.256843662094154,0.2669428753913912,0.9013405866795844,15.765470135808672,0.13529817893883164,1,1,42.0,5.9523809523809526,16.725,10.23690476190476,7.504761904761906,nan,0.04
7,fixed_rns,250.0,0.5740840888454539,0.33095371585668704,0.8625923924627692,0.0005935462946445329,13.74817474858192,0.25163239069988586,3.984045808968233,21.407367491143262,0.09611998853296022,1,1,42.0,5.9523809523809526,16.725,10.23690476190476,7.504761904761906,8.0,0.04
7,react_ns,250.0,0.5740840888454539,0.33095371585668704,0.8625923924627692,0.06368545078292429,11.72063416509972,0.2192186066859478,3.2198521212474804,11.34165367179648,0.09150902837335415,1,1,42.0,5.9523809523809526,16.725,10.23690476190476,7.504761904761906,50.49672644993735,0.10797694979052508
8,clik,250.0,0.7224342239758167,-0.17348483989622107,0.713352351304462,0.19682304314613033,17.864957568365462,0.33325004925752527,3.066204091905179,13.386782135711703,0.0060567797519011255,1,1,42.0,5.9523809523809526,16.725,10.23690476190476,7.504761904761906,nan,nan
8,dls,250.0,0.7224342239758167,-0.17348483989622107,0.713352351304462,0.16929459527976481,18.01006354421954,0.3336796040282697,2.929531665514762,10.13845487025411,0.014660894575044272,1,1,42.0,5.9523809523809526,16.725,10.23690476190476,7.504761904761906,nan,0.04
8,fixed_rns,250.0,0.7224342239758167,-0.17348483989622107,0.713352351304462,0.13532922522115953,18.23681557242519,0.35416843878121834,7.319030777334574,16.23561321205571,0.029374908208811855,1,1,42.0,5.9523809523809526,16.725,10.23690476190476,7.504761904761906,8.0,0.04
8,react_ns,250.0,0.7224342239758167,-0.17348483989622107,0.713352351304462,0.09286754087374474,17.044647327238284,0.3149082574393357,3.5076469409259294,7.460164611396645,0.10130369473346568,1,1,42.0,5.9523809523809526,16.725,10.23690476190476,7.504761904761906,45.01448356917794,0.11073213344402906
9,clik,250.0,0.46533131802553007,-0.1997118301560939,0.7890671336348591,0.00024007552989889583,13.27006199459076,0.23227669583754962,0.8639345970060021,25.097010073424507,0.10923068867615468,1,1,42.0,5.9523809523809526,16.725,10.23690476190476,7.504761904761906,nan,nan
9,dls,250.0,0.46533131802553007,-0.1997118301560939,0.7890671336348591,0.0002591402038868405,13.269927837857706,0.2322043268556446,0.8520690562751071,24.573551182095986,0.10935070678340271,1,1,42.0,5.9523809523809526,16.725,10.23690476190476,7.504761904761906,nan,0.04
9,fixed_rns,250.0,0.46533131802553007,-0.1997118301560939,0.7890671336348591,0.00025205853532111707,13.369785586673213,0.2450547709420013,2.1039728571651697,59.735781911263594,0.10328214511274011,1,1,42.0,5.9523809523809526,16.725,10.23690476190476,7.504761904761906,8.0,0.04
9,react_ns,250.0,0.46533131802553007,-0.1997118301560939,0.7890671336348591,0.0010751997389054266,13.227798409917499,0.24335605353805545,1.287170373228947,15.3122813863332,0.10765253533165817,1,1,42.0,5.9523809523809526,16.725,10.23690476190476,7.504761904761906,66.13293166632042,0.10393248456195084
10,clik,250.0,0.7106667545677361,0.32888132608223647,0.6640388753483533,0.2861500094440977,18.074627117036044,0.45333464184235994,15.907392167581012,330133.8347479821,8.174814505586988e-05,0,0,42.0,5.9523809523809526,16.725,10.23690476190476,7.504761904761906,nan,nan
10,dls,250.0,0.7106667545677361,0.32888132608223647,0.6640388753483533,0.24967805292299344,18.09005014889486,0.33550885490626725,3.1104765423247613,12.273656651777532,0.003487121833233173,1,1,42.0,5.9523809523809526,16.725,10.23690476190476,7.504761904761906,nan,0.04
10,fixed_rns,250.0,0.7106667545677361,0.32888132608223647,0.6640388753483533,0.359107858700122,18.200809079211346,0.4039758906121576,9.615137628587668,20.441424508484495,0.01551302619345941,0,0,42.0,5.9523809523809526,16.725,10.23690476190476,7.504761904761906,8.0,0.04
10,react_ns,250.0,0.7106667545677361,0.32888132608223647,0.6640388753483533,0.2363041332769486,13.508073229599372,0.24538626349199244,3.5000494138440783,10.378550833588502,0.1099384978714389,1,1,42.0,5.9523809523809526,16.725,10.23690476190476,7.504761904761906,25.809746503113576,0.10641461759244737
11,clik,250.0,0.5796608971122041,0.005211277329275121,0.6163149756795,0.019711558519082663,18.287108208521524,0.3209015897967809,1.3897575535432627,17.92877419245579,0.0921218694325856,1,1,42.0,5.9523809523809526,16.725,10.23690476190476,7.504761904761906,nan,nan
11,dls,250.0,0.5796608971122041,0.005211277329275121,0.6163149756795,0.019157621260362898,18.276350047216805,0.32071104902812847,1.3729455149885479,17.303201927466,0.09224285862430054,1,1,42.0,5.9523809523809526,16.725,10.23690476190476,7.504761904761906,nan,0.04
11,fixed_rns,250.0,0.5796608971122041,0.005211277329275121,0.6163149756795,0.03430064849613023,17.296975826995396,0.3296022103641646,4.995328582689463,33.028206853698826,0.09343534774887603,1,1,42.0,5.9523809523809526,16.725,10.23690476190476,7.504761904761906,8.0,0.04
11,react_ns,250.0,0.5796608971122041,0.005211277329275121,0.6163149756795,0.05314773283492011,16.056757356150285,0.312626416485217,3.509401426363832,9.67779078882129,0.11311867827028664,1,1,42.0,5.9523809523809526,16.725,10.23690476190476,7.504761904761906,49.51021247699091,0.11074374881226144
12,clik,250.0,0.4954725268674151,0.009208202046856906,0.6294182721678094,0.00026095518024550136,16.673620522249177,0.29110647962144703,1.1963070549779573,22.207150926118665,0.11509152994294819,1,1,42.0,5.9523809523809526,16.725,10.23690476190476,7.504761904761906,nan,nan
12,dls,250.0,0.4954725268674151,0.009208202046856906,0.6294182721678094,0.0002821989060798226,16.666479550165384,0.2909736157237669,1.1841627619770323,21.84696276603316,0.11514637984448538,1,1,42.0,5.9523809523809526,16.725,10.23690476190476,7.504761904761906,nan,0.04
12,fixed_rns,250.0,0.4954725268674151,0.009208202046856906,0.6294182721678094,0.02889598394462831,16.044224194830008,0.30849361016065757,4.563077663747446,40.49017800857334,0.09875669467524113,1,1,42.0,5.9523809523809526,16.725,10.23690476190476,7.504761904761906,8.0,0.04
12,react_ns,250.0,0.4954725268674151,0.009208202046856906,0.6294182721678094,0.013041088502656254,15.412247119061558,0.29953144435609735,2.9067292632022133,11.72153583997326,0.10329942469291425,1,1,42.0,5.9523809523809526,16.725,10.23690476190476,7.504761904761906,56.51630625742876,0.1127674057199636
13,clik,250.0,0.6844348981388786,-0.015851252732985044,0.8414373686202432,0.00029703775480556353,14.419461972829053,0.25170067793658,0.7666014188219241,10.744339782916349,0.13372557983623373,1,1,42.0,5.9523809523809526,16.725,10.23690476190476,7.504761904761906,nan,nan
13,dls,250.0,0.6844348981388786,-0.015851252732985044,0.8414373686202432,0.000320162095627462,14.410443089526709,0.25153813446166845,0.7585271277384387,10.54487571637732,0.13375909941270872,1,1,42.0,5.9523809523809526,16.725,10.23690476190476,7.504761904761906,nan,0.04
13,fixed_rns,250.0,0.6844348981388786,-0.015851252732985044,0.8414373686202432,0.000656549495584264,13.780954458716321,0.24700482308364374,2.9149101916860483,14.119403634855647,0.12912718816556018,1,1,42.0,5.9523809523809526,16.725,10.23690476190476,7.504761904761906,8.0,0.04
13,react_ns,250.0,0.6844348981388786,-0.015851252732985044,0.8414373686202432,0.01208819137984201,13.554239706294625,0.2462497606703425,2.484277118823678,7.501063908420289,0.13100341819157396,1,1,42.0,5.9523809523809526,16.725,10.23690476190476,7.504761904761906,62.93771507905471,0.10054191301485065
14,clik,250.0,0.6950927857007873,-0.09696168310167333,0.8412909304883204,0.00030008062890739154,15.11227996780266,0.26382343009438525,0.8510534500695297,10.105828205236694,0.12223482123172849,1,1,42.0,5.9523809523809526,16.725,10.23690476190476,7.504761904761906,nan,nan
14,dls,250.0,0.6950927857007873,-0.09696168310167333,0.8412909304883204,0.0003272476765569859,15.100587143867058,0.2636133134530224,0.8413877133051193,9.944127382771681,0.12230265453568813,1,1,42.0,5.9523809523809526,16.725,10.23690476190476,7.504761904761906,nan,0.04
14,fixed_rns,250.0,0.6950927857007873,-0.09696168310167333,0.8412909304883204,0.0006680715718986045,14.792453354051146,0.26505849977419943,2.968176681031805,15.226575089394785,0.11920093083388504,1,1,42.0,5.9523809523809526,16.725,10.23690476190476,7.504761904761906,8.0,0.04
14,react_ns,250.0,0.6950927857007873,-0.09696168310167333,0.8412909304883204,0.014150157246585901,14.490018911248791,0.2630387168046191,2.5011836058287646,7.225124786591178,0.12468118234857356,1,1,42.0,5.9523809523809526,16.725,10.23690476190476,7.504761904761906,62.30633603993288,0.1013998343670127
15,clik,250.0,0.7316675251238807,-0.04813905363038662,0.6509148363755854,0.2543651244207743,17.61312549396341,0.32890823002984193,3.0857818849600687,12.76972415402564,0.007203387228411429,0,0,42.0,5.9523809523809526,16.725,10.23690476190476,7.504761904761906,nan,nan
15,dls,250.0,0.7316675251238807,-0.04813905363038662,0.6509148363755854,0.22668924547844815,17.679499376714574,0.3260468132809508,2.9754148787849077,10.691375974904902,0.015979612233144567,1,1,42.0,5.9523809523809526,16.725,10.23690476190476,7.504761904761906,nan,0.04
15,fixed_rns,250.0,0.7316675251238807,-0.04813905363038662,0.6509148363755854,0.17987557750200492,17.799094284266108,0.34854543313906455,8.301531188241402,13.174756734568408,0.03261872691687397,1,1,42.0,5.9523809523809526,16.725,10.23690476190476,7.504761904761906,8.0,0.04
15,react_ns,250.0,0.7316675251238807,-0.04813905363038662,0.6509148363755854,0.13231962700671637,16.402649577957835,0.30211313379237414,3.607163921707247,7.590421828988721,0.1091130043114198,1,1,42.0,5.9523809523809526,16.725,10.23690476190476,7.504761904761906,38.413998779476366,0.10904292086540002
16,clik,250.0,0.6888734263912415,-0.20916088565394864,0.6199678708662879,0.28525849286679306,18.036844378327253,0.342567365519762,3.1705942089867793,13.918248643966182,0.00704647003794977,0,0,42.0,5.9523809523809526,16.725,10.23690476190476,7.504761904761906,nan,nan
16,dls,250.0,0.6888734263912415,-0.20916088565394864,0.6199678708662879,0.2563432626252259,18.0833640436717,0.3394364996664001,3.0619092670067696,12.066532622867642,0.016056884344997364,0,0,42.0,5.9523809523809526,16.725,10.23690476190476,7.504761904761906,nan,0.04
16,fixed_rns,250.0,0.6888734263912415,-0.20916088565394864,0.6199678708662879,0.2095757669020033,18.548306387612502,0.3659684415661326,8.39005053068696,23.111597748868125,0.03317283666298586,1,1,42.0,5.9523809523809526,16.725,10.23690476190476,7.504761904761906,8.0,0.04
16,react_ns,250.0,0.6888734263912415,-0.20916088565394864,0.6199678708662879,0.12334820729162672,17.999099860487043,0.3383602855974517,3.6635050052563236,8.087397302108482,0.09644262008700805,1,1,42.0,5.9523809523809526,16.725,10.23690476190476,7.504761904761906,38.822259360268056,0.11322246792004292
17,clik,250.0,0.4525767944128519,0.21150084537638986,0.7826977998072113,0.00023586319604834341,13.29717201408537,0.2329697943198757,0.8958924849575984,25.605591677854065,0.10706399680074921,1,1,42.0,5.9523809523809526,16.725,10.23690476190476,7.504761904761906,nan,nan
17,dls,250.0,0.4525767944128519,0.21150084537638986,0.7826977998072113,0.0002550120795873406,13.296809787503589,0.2328690499361503,0.8834959561832346,25.051778988654,0.10719275686378144,1,1,42.0,5.9523809523809526,16.725,10.23690476190476,7.504761904761906,nan,0.04
17,fixed_rns,250.0,0.4525767944128519,0.21150084537638986,0.7826977998072113,0.0005370442821954897,11.08156902466273,0.21445946354257292,3.924552757916963,40.23455132382776,0.06401643475156799,1,1,42.0,5.9523809523809526,16.725,10.23690476190476,7.504761904761906,8.0,0.04
17,react_ns,250.0,0.4525767944128519,0.21150084537638986,0.7826977998072113,0.0094650541413306,10.878011410237876,0.20633976313998992,2.231574296663811,12.944308422212233,0.07695704610885475,1,1,42.0,5.9523809523809526,16.725,10.23690476190476,7.504761904761906,58.86710085929558,0.1238846935195749
18,clik,250.0,0.6968078825192173,0.20747387016427904,0.710620521438419,0.16011377530604148,18.13594956838935,0.33729007386445375,2.8810528517076506,11.324553052459104,0.01859434916378822,1,1,42.0,5.9523809523809526,16.725,10.23690476190476,7.504761904761906,nan,nan
18,dls,250.0,0.6968078825192173,0.20747387016427904,0.710620521438419,0.1447297394727033,18.18761653301149,0.3361692313039028,2.5674747670815106,10.598676055688513,0.023289375051649158,1,1,42.0,5.9523809523809526,16.725,10.23690476190476,7.504761904761906,nan,0.04
18,fixed_rns,250.0,0.6968078825192173,0.20747387016427904,0.710620521438419,0.09575870703748796,17.669046464444676,0.3372846664444719,6.762104673477719,16.079987587029485,0.03694600886234647,1,1,42.0,5.9523809523809526,16.725,10.23690476190476,7.504761904761906,8.0,0.04
18,react_ns,250.0,0.6968078825192173,0.20747387016427904,0.710620521438419,0.14135221884420193,13.78938022432674,0.25257380185449274,3.5321497200780403,9.532831297404975,0.1163048657128112,1,1,42.0,5.9523809523809526,16.725,10.23690476190476,7.504761904761906,37.44220115046239,0.10562686206380673
19,clik,250.0,0.6490594185835128,-0.20913195121702266,0.5900855257375908,0.2566122562330394,18.20717382424943,0.34248674033697624,3.0667874818713474,14.12058106424856,0.02647398660198736,0,0,42.0,5.9523809523809526,16.725,10.23690476190476,7.504761904761906,nan,nan
19,dls,250.0,0.6490594185835128,-0.20913195121702266,0.5900855257375908,0.2427975225067108,18.250631128796016,0.3419418747598127,3.0079668496505887,13.527150688540992,0.030489387151566842,1,1,42.0,5.9523809523809526,16.725,10.23690476190476,7.504761904761906,nan,0.04
19,fixed_rns,250.0,0.6490594185835128,-0.20913195121702266,0.5900855257375908,0.18970801197490303,18.55265726717979,0.3641040544425856,8.436454837479154,30.173639115185157,0.044432700929589446,1,1,42.0,5.9523809523809526,16.725,10.23690476190476,7.504761904761906,8.0,0.04
19,react_ns,250.0,0.6490594185835128,-0.20913195121702266,0.5900855257375908,0.11341187977415827,18.09796976449995,0.3467080073455565,3.7056296132471296,8.778235705754307,0.09836140247411823,1,1,42.0,5.9523809523809526,16.725,10.23690476190476,7.504761904761906,39.71455970107224,0.1130346806558245
