trial_id,mu_max,target_x,target_y,target_z,final_error_m,max_base_angle_deg,base_omega_integral,effort_integral,smoothness_integral,min_manipulability,mean_mu,final_mu,mean_lambda,precision_success,base_stable_success
0,5.0,0.7208846169945873,-0.01472901416116601,0.850509271968984,0.14253996119286,33.19436054529623,0.6208068713785431,3.5311354240779784,7.508050743872776,0.10065431288537799,2.947597012659981,3.2617401985573857,0.11120824396722787,1,0
1,5.0,0.6940788101707774,-0.2387847238730278,0.8914678230728645,0.1394256463088446,35.780744943151504,0.6901558864689553,3.354377089433127,7.853908884038754,0.08674009117994755,2.979689684893198,3.2900915063772618,0.11685819932333895,1,0
2,5.0,0.7163988956966236,0.21094179843001987,0.5948397714364411,0.330034622397078,33.143329160385264,0.6462946155679549,3.488550159744182,8.90451812839714,0.11009725001335714,1.8582521880008434,2.0683932362779287,0.11147575663675141,0,0
3,5.0,0.6076350782634485,-0.05898128424882221,0.8743677460970107,0.04615567284924559,32.68926465300127,0.6142173153095132,2.8869174382651916,9.336483736245258,0.11039865755200177,3.7967713605080644,4.3256717032584495,0.10807072835295083,1,1
4,5.0,0.6753527920282326,0.23479504862603945,0.705194969589566,0.24194010214496642,32.23346335772829,0.6032955805194259,3.5110618184435873,9.56817575859565,0.11056032268447398,2.226866496423792,2.5197319225191555,0.11153480645104835,1,1
5,5.0,0.5295335526246719,0.06048011156029259,0.5723360396364614,0.2024807259672392,33.48640830519078,0.7274103558043765,3.6861092293224083,10.937093098886209,0.1021183403195064,2.394645333056538,2.7795694575232837,0.11431842233976287,1,0
6,5.0,0.7396709101974037,0.11058185942934212,0.8153307090298809,0.1909086834012945,32.32131228622617,0.5913575891861592,3.5255347989160883,8.728294407934511,0.10534607119289359,2.581711331604751,2.8638786785208223,0.10985171714764741,1,1
7,5.0,0.5740840888454539,0.33095371585668704,0.8625923924627692,0.14995935851457506,28.693577485426943,0.5330782493458257,3.5350158654873347,11.803667794855745,0.08951093861450819,2.77959608681371,3.1956034457070697,0.111427415115781,1,1
8,5.0,0.7224342239758167,-0.17348483989622107,0.713352351304462,0.2397179590805619,35.58915164361443,0.7091710763500831,3.345776691345538,7.1235366355044905,0.10173978281512876,2.293394146883532,2.533300382309139,0.1120906749854183,1,0
9,5.0,0.46533131802553007,-0.1997118301560939,0.7890671336348591,0.029105370226128947,35.712464196705085,0.694604041999183,2.5223388219006067,14.872895243143835,0.10896392386617981,3.80314418389086,4.560399936314184,0.11035773718455821,1,0
10,5.0,0.7106667545677361,0.32888132608223647,0.6640388753483533,0.32817011974159205,32.32295446280496,0.5960219588528839,3.476901453618868,10.076238326641683,0.10991719451831826,1.860755282668938,2.0763911114300226,0.11130967184406323,0,0
11,5.0,0.5796608971122041,0.005211277329275121,0.6163149756795,0.19131160402702269,34.099484457961175,0.7289777197689964,3.6580318493405715,9.910862242593254,0.11144893636973933,2.488736023670095,2.860877117298668,0.11235635482046796,1,0
12,5.0,0.4954725268674151,0.009208202046856906,0.6294182721678094,0.13335403844462324,33.70406421514713,0.7384914849909515,3.701359930583474,12.157493752159581,0.10129541473930363,2.842339937735391,3.3463905408835792,0.11439219757273351,1,0
13,5.0,0.6844348981388786,-0.015851252732985044,0.8414373686202432,0.11846244630337839,33.18354862959197,0.6299614499556825,3.5150169181899646,7.786555137328221,0.10382600206791341,3.126632740410366,3.490403077541384,0.1106769404191377,1,0
14,5.0,0.6950927857007873,-0.09696168310167333,0.8412909304883204,0.12986793942680724,34.31564601263146,0.6640435235325911,3.510839944059221,7.408478904040586,0.09843075442051953,3.036688617824733,3.379338727318576,0.11239244943533028,1,0
15,5.0,0.7316675251238807,-0.04813905363038662,0.6509148363755854,0.2696159242966163,34.66086993408152,0.696043533921917,3.455416972028053,7.3082450399831185,0.10629399832776647,2.1321013256244585,2.360470592691647,0.11096686118203422,0,0
16,5.0,0.6888734263912415,-0.20916088565394864,0.6199678708662879,0.28845922379294453,36.12477027995717,0.7266462158286042,3.1585430500001053,7.744158741991416,0.10676496488344342,2.049783513469404,2.261696780141361,0.11101080582638578,0,0
17,5.0,0.4525767944128519,0.21150084537638986,0.7826977998072113,0.06408455348675636,29.178544570246927,0.5659819165077135,3.376708710990708,13.38110692159341,0.07403186838438178,3.3831720335793958,4.095520749811882,0.12087409715760046,1,1
18,5.0,0.6968078825192173,0.20747387016427904,0.710620521438419,0.24343458634311876,32.44776570933329,0.607415182878934,3.510608869425844,9.278943269154237,0.10968008675771025,2.230357509690784,2.510674161479904,0.1110445311934375,1,1
19,5.0,0.6490594185835128,-0.20913195121702266,0.5900855257375908,0.28451273494026175,36.21627477319104,0.7347712156356256,3.0996341109807,8.492973877269366,0.10891223160655093,2.0567106989950084,2.2817719048808867,0.11080100351745598,0,0
0,10.0,0.7208846169945873,-0.01472901416116601,0.850509271968984,0.14866067244736506,32.902174094906115,0.6062734557943411,3.552180856919235,7.549324799523055,0.10411918856405473,5.3201591369419114,5.9658371201594615,0.11020683793067097,1,1
1,10.0,0.6940788101707774,-0.2387847238730278,0.8914678230728645,0.14107244413301076,35.84656716976744,0.6870891003022099,3.4192445006208345,7.942233843606747,0.0877438994475662,5.433350916958704,6.118875575661947,0.11628751876912294,1,0
2,10.0,0.7163988956966236,0.21094179843001987,0.5948397714364411,0.3379179591895385,32.694469987147116,0.6233233486947906,3.4924937432340983,8.913436658892843,0.1111243608536415,2.8960440307952604,3.329264938063105,0.11150055927018199,0,0
3,10.0,0.6076350782634485,-0.05898128424882221,0.8743677460970107,0.04811361638839979,32.58578521897756,0.6104559967929863,2.934327593770493,9.38255478763142,0.1111063044088455,7.26278795117299,8.424386921484073,0.10794139136323316,1,1
4,10.0,0.6753527920282326,0.23479504862603945,0.705194969589566,0.25216209233008674,31.569374865868554,0.5797813589961582,3.511589338597335,9.563557099521727,0.10946032856974273,3.696911550803087,4.28240441768677,0.11158222860184253,0,0
5,10.0,0.5295335526246719,0.06048011156029259,0.5723360396364614,0.2055046515337151,33.32779102567936,0.7143011131306434,3.7138722801854342,10.930645261822441,0.10129459638382729,4.116491952189872,4.95589143872578,0.11452632199493247,1,0
6,10.0,0.7396709101974037,0.11058185942934212,0.8153307090298809,0.20000635315180562,31.722658164778164,0.5725766568070245,3.533438930563561,8.784126474295654,0.10933951600289228,4.487279455255887,5.04385791077647,0.10893318006403224,1,1
7,10.0,0.5740840888454539,0.33095371585668704,0.8625923924627692,0.16292149982891774,27.226658195590137,0.5095611305261577,3.519943802410626,11.732055268952042,0.08751561979623546,4.890664728983593,5.690497145534615,0.1119979097497226,1,1
8,10.0,0.7224342239758167,-0.17348483989622107,0.713352351304462,0.2409024387520036,35.636100840924925,0.704187787717852,3.4075112987221075,7.157836644436242,0.102198011079105,3.8984454720120554,4.433619052666499,0.1118523870519225,1,0
9,10.0,0.46533131802553007,-0.1997118301560939,0.7890671336348591,0.029309544647202045,35.70962757895206,0.695762316979734,2.555831113621308,15.087247372441755,0.10894022162788994,7.299443651249752,9.004360044233197,0.1103584872395795,1,0
10,10.0,0.7106667545677361,0.32888132608223647,0.6640388753483533,0.33960286060171296,31.51674685556863,0.5725908284025883,3.474913241219771,10.105468833578227,0.10824809771891863,2.8869094164245612,3.313619392553989,0.11141420377503486,0,0
11,10.0,0.5796608971122041,0.005211277329275121,0.6163149756795,0.1938441848177388,33.99956574237137,0.7173096863000366,3.689915889388479,9.91462366149333,0.11159890215429734,4.328641429132464,5.144772236344258,0.11243114773710094,1,0
12,10.0,0.4954725268674151,0.009208202046856906,0.6294182721678094,0.13501375413598884,33.619788376728366,0.730435907659396,3.751093078525061,12.17719244636152,0.1007386413931225,5.128002973534956,6.24444573214962,0.11453820802311114,1,0
13,10.0,0.6844348981388786,-0.015851252732985044,0.8414373686202432,0.12357851005781373,32.94066271198009,0.617478737093676,3.5433999554031677,7.811849216682385,0.10629362397092829,5.727030302460825,6.48990272675532,0.11002329501709227,1,1
14,10.0,0.6950927857007873,-0.09696168310167333,0.8412909304883204,0.13371910800826797,34.239482768588054,0.653581862175304,3.5462331055211704,7.452933244283704,0.10054172285016817,5.539651144082807,6.2716749812178225,0.11169921076992044,1,0
15,10.0,0.7316675251238807,-0.04813905363038662,0.6509148363755854,0.2725789599854193,34.615807729964104,0.6839852512891335,3.489313255574533,7.328841201532719,0.10711372816143527,3.5272825938947956,4.024992878891387,0.110736099758706,0,0
16,10.0,0.6888734263912415,-0.20916088565394864,0.6199678708662879,0.2885359551507757,36.147065245937114,0.7257657373283133,3.2347918707212178,7.767292134726002,0.10686637073224386,3.3590818301837864,3.8379465836532676,0.1109281053409329,0,0
17,10.0,0.4525767944128519,0.21150084537638986,0.7826977998072113,0.06970326485781742,28.78640955046079,0.5552618325077171,3.414971679497045,13.314458605108705,0.07267315137439274,6.284366516741678,7.810132099914647,0.12176924148829951,1,1
18,10.0,0.6968078825192173,0.20747387016427904,0.710620521438419,0.253177303251316,31.838849557575568,0.5843207765231454,3.5129367267845653,9.287178263557207,0.11142995748946423,3.707379395186691,4.269102114003893,0.11092740843624095,0,0
19,10.0,0.6490594185835128,-0.20913195121702266,0.5900855257375908,0.2844132681925351,36.23340125572989,0.7344325043070695,3.174769076035581,8.519894037522935,0.10898312804512424,3.3761697267601245,3.8851344574214997,0.11074851476808296,0,0
0,20.0,0.7208846169945873,-0.01472901416116601,0.850509271968984,0.1532380235162181,32.68183984431164,0.5981658866940003,3.5657826876948477,7.5743503525022655,0.10639230738995767,10.029154723424906,11.293235018193725,0.10959631070818067,1,1
1,20.0,0.6940788101707774,-0.2387847238730278,0.8914678230728645,0.1425077413888848,35.887917034329874,0.684244656902331,3.4558788057573735,8.01252935514677,0.08871018545083478,10.326062008666453,11.744650616064412,0.11586631917613793,1,0
2,20.0,0.7163988956966236,0.21094179843001987,0.5948397714364411,0.34470417245444457,32.300386149842836,0.6058959434136447,3.4991543302385346,8.914468155545642,0.11161164852118317,4.94044290972216,5.785652069789272,0.11163929232281031,0,0
3,20.0,0.6076350782634485,-0.05898128424882221,0.8743677460970107,0.049287321160515214,32.522232410279564,0.608302913947831,2.9617002238961287,9.417761946225859,0.11151267186587133,14.18409665219268,16.600292974945724,0.10787043839584555,1,1
4,20.0,0.6753527920282326,0.23479504862603945,0.705194969589566,0.2597389148257782,31.074579131866212,0.5663294975949456,3.5158789438560296,9.54964050224701,0.10818631781921755,6.596165745556584,7.722656035758029,0.11177425175225046,0,0
5,20.0,0.5295335526246719,0.06048011156029259,0.5723360396364614,0.20764989829656205,33.209464476462855,0.7055980866131677,3.7347085761531593,10.915966578598256,0.10061778909614505,7.546997503770015,9.27997033764057,0.11469712230269145,1,0
6,20.0,0.7396709101974037,0.11058185942934212,0.8153307090298809,0.20674168429119077,31.291295230435487,0.5634508943255224,3.541433153533456,8.826275212210767,0.11161160174332299,8.254983937812813,9.310104982009328,0.10843383842093132,1,1
7,20.0,0.5740840888454539,0.33095371585668704,0.8625923924627692,0.17212200912664877,26.16360415415742,0.4932804548327213,3.5111901531569507,11.655038038649899,0.08609025533642241,9.055648064024204,10.544365140040908,0.11261024738251386,1,1
8,20.0,0.7224342239758167,-0.17348483989622107,0.713352351304462,0.24214582729760906,35.67028286601832,0.6995186961916986,3.447300583915167,7.188658575822268,0.10270316783807316,7.0972360077529935,8.21278878087872,0.1116528769409886,1,0
9,20.0,0.46533131802553007,-0.1997118301560939,0.7890671336348591,0.029423560617589543,35.71117066466261,0.6965024412020906,2.5764208815303817,15.310746684676213,0.10892160633881176,14.28914742679314,17.890388573721673,0.11035839713533309,1,0
10,20.0,0.7106667545677361,0.32888132608223647,0.6640388753483533,0.3484802267655879,30.87835102165712,0.5587982888116919,3.4792975657220286,10.130039848074368,0.10668151735335901,4.903633049868474,5.713911696247038,0.11172197277054279,0,0
11,20.0,0.5796608971122041,0.005211277329275121,0.6163149756795,0.1957632074960695,33.91940567625467,0.709318452633747,3.7121129718063077,9.911991307348783,0.11167476236649476,7.994766351671958,9.683165483090923,0.11249961886655557,1,0
12,20.0,0.4954725268674151,0.009208202046856906,0.6294182721678094,0.1361312923153408,33.561096144578975,0.7254448175721292,3.783089545091839,12.196200581932478,0.10032634770262601,9.690238966821092,12.022226332965943,0.11464403011319566,1,0
13,20.0,0.6844348981388786,-0.015851252732985044,0.8414373686202432,0.12751861787252325,32.77013209657799,0.6103658973919547,3.5609158664027634,7.82525411708756,0.10786851195635017,10.893594816694591,12.408566352860174,0.10963075850310194,1,1
14,20.0,0.6950927857007873,-0.09696168310167333,0.8412909304883204,0.1365781062070735,34.16141115430958,0.6468873989227472,3.567369015514873,7.4827465042693735,0.10206241251663432,10.52138518569828,12.002544391161546,0.11124492544355646,1,0
15,20.0,0.7316675251238807,-0.04813905363038662,0.6509148363755854,0.27530326120002613,34.560738567243284,0.674428733209965,3.513558617320426,7.341799036330739,0.10786121704987538,6.299464645756747,7.316883278393582,0.11055821739232295,0,0
16,20.0,0.6888734263912415,-0.20916088565394864,0.6199678708662879,0.2887050078350029,36.167086601646474,0.7245068107474647,3.2937210680894013,7.797697633532403,0.10696756281296829,5.974257658113318,6.987170607283593,0.11086414948825557,0,0
17,20.0,0.4525767944128519,0.21150084537638986,0.7826977998072113,0.0730668039154028,28.55425111398385,0.5499055637761013,3.4373054891136,13.241674933710854,0.07177889713954036,12.056554006536887,15.184811273291832,0.12235868874997526,1,1
18,20.0,0.6968078825192173,0.20747387016427904,0.710620521438419,0.26054616189358676,31.374803622831106,0.5708056572855711,3.5183163198063947,9.286061181764378,0.11215945840146928,6.620981094181946,7.700983667009607,0.11098896953934954,0,0
19,20.0,0.6490594185835128,-0.20913195121702266,0.5900855257375908,0.2843932003885698,36.247802653583925,0.7337535177750405,3.2339010650936757,8.557000083688632,0.10903592127554852,6.013328429004725,7.091328348820709,0.11071305947113377,0,0
0,40.0,0.7208846169945873,-0.01472901416116601,0.850509271968984,0.1556180793817104,32.548988468957496,0.5949088501049447,3.573955505405351,7.587210639264832,0.10754609240412995,19.430690383422412,21.928028322467895,0.10927275420955757,1,1
1,40.0,0.6940788101707774,-0.2387847238730278,0.8914678230728645,0.14352432221872158,35.9095589715141,0.6823235053618715,3.4754654412725254,8.05964773347483,0.08938116996724642,20.09965089938372,22.965309265577634,0.11560604651710074,1,0
2,40.0,0.7163988956966236,0.21094179843001987,0.5948397714364411,0.34955750888381876,32.0153336553508,0.5952094048178236,3.5054863466921025,8.90913606467677,0.11141885031662827,8.998473014744423,10.634318913668395,0.11180696319994904,0,0
3,40.0,0.6076350782634485,-0.05898128424882221,0.8743677460970107,0.049936108403518,32.48674279895027,0.6071483677828831,2.97650480465844,9.441640479440087,0.11173119659553772,28.020123841113328,32.938660775212156,0.1078332754816613,1,1
4,40.0,0.6753527920282326,0.23479504862603945,0.705194969589566,0.26361393162061203,30.807795000150048,0.5611018935158946,3.5203401552129874,9.533552503448295,0.10731372314996178,12.375483198207165,14.58689764143046,0.11196080405920188,0,0
5,40.0,0.5295335526246719,0.06048011156029259,0.5723360396364614,0.20896360176332676,33.13424735840057,0.7005116524455579,3.7482564708899946,10.899147152811842,0.10015822723363392,14.397575965299596,17.90665343915753,0.11481300754800362,1,0
6,40.0,0.7396709101974037,0.11058185942934212,0.8153307090298809,0.21078029151063793,31.011315440412666,0.5597852245618824,3.5471075119751836,8.85254561782253,0.11281234692919463,15.760167499142423,17.784242168569097,0.10817773067483832,1,1
7,40.0,0.5740840888454539,0.33095371585668704,0.8625923924627692,0.17751018544250075,25.532534044411502,0.4838327379887999,3.506642804156167,11.593606719179398,0.08520654949168328,17.35018196430463,20.173342529153075,0.1130578885939191,1,1
8,40.0,0.7224342239758167,-0.17348483989622107,0.713352351304462,0.24312443101893347,35.689106712571395,0.6961624008764242,3.470469640036987,7.211758076244256,0.10308616189542252,13.48380091147764,15.747357615917037,0.11151852620665115,1,0
9,40.0,0.46533131802553007,-0.1997118301560939,0.7890671336348591,0.02948461282764845,35.713807005485236,0.6969340619970961,2.5881706112069462,15.498261981596924,0.1089089801959796,28.266533967907957,35.66127934263546,0.11035796625705051,1,0
10,40.0,0.7106667545677361,0.32888132608223647,0.6640388753483533,0.35463744974058464,30.432492060632477,0.5530918340333618,3.484967372574557,10.145382534389453,0.10548495042093362,8.894244090738496,10.440527399305417,0.11205929433098978,0,0
11,40.0,0.5796608971122041,0.005211277329275121,0.6163149756795,0.19698621732705449,33.86627705108355,0.7045841528748237,3.725884123871761,9.907301647078274,0.1117044612378021,15.316091504363573,18.73636012439963,0.11254875532121048,1,0
12,40.0,0.4954725268674151,0.009208202046856906,0.6294182721678094,0.1367905755457023,33.52602288770636,0.72265771486323,3.801807549197404,12.2146191824646,0.10007089389394237,18.80798541002334,23.56498444522591,0.11470913489985335,1,0
13,40.0,0.6844348981388786,-0.015851252732985044,0.8414373686202432,0.12928697631233993,32.67581934621718,0.6075601591206219,3.5710077224159935,7.831382768394452,0.10858340358258013,21.21780082344625,24.252525292823012,0.1094352567011327,1,1
14,40.0,0.6950927857007873,-0.09696168310167333,0.8412909304883204,0.13859853092325022,34.11610313745861,0.6434412794346003,3.579135410818124,7.499476299947937,0.10299786005681097,20.46142724734958,23.402387151284017,0.11097793010205716,1,0
15,40.0,0.7316675251238807,-0.04813905363038662,0.6509148363755854,0.2773014428054818,34.51271798542862,0.6682543886259507,3.5288758778499765,7.348615311797372,0.10836390848098772,11.826640822551362,13.863011600001935,0.11044728810828369,0,0
16,40.0,0.6888734263912415,-0.20916088565394864,0.6199678708662879,0.28888220960109384,36.18148512170775,0.7233726189691165,3.332101823016741,7.827360040921673,0.10705008868324989,11.200835414750772,13.280747690638396,0.11082142197448185,0,0
17,40.0,0.4525767944128519,0.21150084537638986,0.7826977998072113,0.07477629792306992,28.432527476743694,0.5475096245487404,3.449686350987529,13.183490023402294,0.07125824497757015,23.582253135445036,29.917774898289473,0.12270251811343295,1,1
18,40.0,0.6968078825192173,0.20747387016427904,0.710620521438419,0.2643017526932795,31.124466036860674,0.5654787929180133,3.5233874485999097,9.281037471378422,0.11184165875470357,12.43063210422672,14.549567599717,0.11109583815095514,0,0
19,40.0,0.6490594185835128,-0.20913195121702266,0.5900855257375908,0.284413135827805,36.257663744132394,0.7331260247567503,3.2731499545566622,8.596291597053554,0.10907297455584573,11.285603200011805,13.502255934922346,0.11069177120358419,0,0
0,80.0,0.7208846169945873,-0.01472901416116601,0.850509271968984,0.15713145993101635,32.46364275626958,0.593260652131084,3.5783843684601098,7.595006779341162,0.10821995179746727,38.2151892435211,43.13682294779116,0.10909813201203114,1,1
1,80.0,0.6940788101707774,-0.2387847238730278,0.8914678230728645,0.1441620217463764,35.92078921085839,0.681250492443332,3.4856238139338775,8.088523960686183,0.08977049756682304,39.63919393203083,45.38048143583357,0.11546076711560833,1,0
2,80.0,0.7163988956966236,0.21094179843001987,0.5948397714364411,0.35251871595129053,31.841924050687677,0.5899460533220364,3.5099687746218753,8.902032141431842,0.11078661077058684,17.09156474678786,20.28587550104958,0.11193950026054139,0,0
3,80.0,0.6076350782634485,-0.05898128424882221,0.8743677460970107,0.050278116874367,32.46795507854721,0.6065507355462078,2.984216704714462,9.455913089598111,0.11184458478535156,55.688498058075275,65.60781540481399,0.10781426219722391,1,1
4,80.0,0.6753527920282326,0.23479504862603945,0.705194969589566,0.2660925949598386,30.6472414677804,0.558795131998459,3.5233135130078566,9.52078324262819,0.10678882581402045,23.9000111342808,28.25065268669317,0.11209310411908974,0,0
5,80.0,0.5295335526246719,0.06048011156029259,0.5723360396364614,0.20971134366047542,33.091291872430865,0.697715877936385,3.756169889276767,10.886561788784904,0.09988571941172567,28.091627264057582,35.144532742942154,0.11488186744301303,1,0
6,80.0,0.7396709101974037,0.11058185942934212,0.8153307090298809,0.21316276347211158,30.840433094504682,0.5582347286164145,3.5504117794512293,8.869259426680527,0.11342920748433721,30.74970755252388,34.67638327221096,0.10805220378960774,1,1
7,80.0,0.5740840888454539,0.33095371585668704,0.8625923924627692,0.18052458570121538,25.178933275599505,0.47870896794796003,3.504335299426685,11.555444956068666,0.08470784051909604,33.91663641772243,39.37282434326677,0.11333112253306288,1,1
8,80.0,0.7224342239758167,-0.17348483989622107,0.713352351304462,0.24375976920536924,35.69819368378661,0.6941441373862552,3.4830953551445103,7.2267319610683085,0.10332233724242353,26.248744396376495,30.797031535457243,0.11143973401932585,1,0
9,80.0,0.46533131802553007,-0.1997118301560939,0.7890671336348591,0.029516383091811583,35.71593799414974,0.6971707512087688,2.5945323177212116,15.627827394971078,0.10890128735107027,56.22001803651522,71.202387477172,0.1103575546587755,1,0
10,80.0,0.7106667545677361,0.32888132608223647,0.6640388753483533,0.35871839609172296,30.14706874743655,0.5512456490803123,3.4896747513657567,10.156116349568018,0.104708654756205,16.834131647657316,19.81349192633107,0.11232718292584357,0,0
11,80.0,0.5796608971122041,0.005211277329275121,0.6163149756795,0.19768893116052932,33.83538984316931,0.702008148258219,3.7337279542084434,9.904153038290566,0.11171544531799084,29.951508562096205,36.82665350917254,0.11257873234008219,1,0
12,80.0,0.4954725268674151,0.009208202046856906,0.6294182721678094,0.13715039226050219,33.5069536558641,0.7211920841829158,3.8121015943920447,12.230247215820187,0.09992942449263885,37.039232853583925,46.64281874183677,0.11474519898427168,1,0
13,80.0,0.6844348981388786,-0.015851252732985044,0.8414373686202432,0.130449653790202,32.61544933249122,0.6060245231679982,3.5763925656074838,7.834330475632134,0.10900756711687519,41.84993887746887,47.8827234338201,0.10932984695838156,1,1
14,80.0,0.6950927857007873,-0.09696168310167333,0.8412909304883204,0.13942160559637126,34.087684564930186,0.6420351907530099,3.585495747795336,7.509969871257626,0.1034172284739115,40.340208549180645,46.23003829136263,0.11084318600291392,1,0
15,80.0,0.7316675251238807,-0.04813905363038662,0.6509148363755854,0.278638555379619,34.48154738014445,0.6646507277269009,3.5376247900598017,7.350874084829736,0.10866354440012278,22.86717724006772,26.916857635813912,0.11038502705860864,0,0
16,80.0,0.6888734263912415,-0.20916088565394864,0.6199678708662879,0.28901499554028104,36.19037348103215,0.7225846650708737,3.354307993622652,7.8502933202344485,0.10710572279929956,21.650878076177612,25.863176918767767,0.11079598758989767,0,0
17,80.0,0.4525767944128519,0.21150084537638986,0.7826977998072113,0.07564223430232472,28.369751455146158,0.5463702763850773,3.456291893341737,13.146426473472587,0.07097704202437294,46.62301614515588,59.37448625956875,0.12288893080014707,1,1
18,80.0,0.6968078825192173,0.20747387016427904,0.710620521438419,0.2666922478202929,30.975445199007964,0.5631060050994392,3.526695540728361,9.277071342229894,0.11135189548267051,24.01672591108216,28.185367287814987,0.11117843694074873,0,0
19,80.0,0.6490594185835128,-0.20913195121702266,0.5900855257375908,0.28443874582444806,36.2635673244709,0.7326972707160013,3.2962702022759194,8.62856478894559,0.10909618926554207,21.8284090632956,26.322488366603434,0.11067992203272499,0,0
0,120.0,0.7208846169945873,-0.01472901416116601,0.850509271968984,0.1576702737240459,32.43310087673817,0.5927757749910819,3.579913622127405,7.597220365417052,0.10845015781923545,56.99596225040091,64.33527229546829,0.10903868479129221,1,1
1,120.0,0.6940788101707774,-0.2387847238730278,0.8914678230728645,0.14439364705665123,35.92454197996664,0.6809037833396507,3.4890724103844395,8.099242370168382,0.0899115314956186,59.17674395326865,67.78970185994893,0.11540963926671961,1,0
2,120.0,0.7163988956966236,0.21094179843001987,0.5948397714364411,0.3533617362852811,31.788254107813035,0.5885640765140451,3.511748681853402,8.898798400477853,0.11054604646107082,25.182889666687917,29.95307882109715,0.11199356064042278,0,0
3,120.0,0.6076350782634485,-0.05898128424882221,0.8743677460970107,0.050394964450842246,32.46153275263626,0.6063484736212942,2.986833571502801,9.460814492992462,0.11188301347282298,83.35600950799235,98.2751572390891,0.10780786000088512,1,1
4,120.0,0.6753527920282326,0.23479504862603945,0.705194969589566,0.2671614764818001,30.583869991749,0.558111333350022,3.5244531534063186,9.516677578521952,0.1065972038035601,35.41434048163134,41.873322441322955,0.11214520750317268,0,0
5,120.0,0.5295335526246719,0.06048011156029259,0.5723360396364614,0.20997804652665497,33.076023378192886,0.6967373641687945,3.759003911124654,10.881642852409977,0.09978721842990651,41.78374275212844,52.37806379778738,0.11490675461198385,1,0
6,120.0,0.7396709101974037,0.11058185942934212,0.8153307090298809,0.21400877827340856,30.77926324996642,0.557805582663385,3.5515853788383724,8.874990006248836,0.11363350567152973,45.734081577711756,51.55634111426311,0.10801118818045823,1,1
7,120.0,0.5740840888454539,0.33095371585668704,0.8625923924627692,0.18158822470546854,25.05434452503849,0.4769509515961765,3.5035597753933265,11.541435623898778,0.08453174443797526,50.47759685437224,58.55670261274012,0.11343080654721395,1,1
8,120.0,0.7224342239758167,-0.17348483989622107,0.713352351304462,0.24400629036512927,35.70131019872024,0.69340419810342,3.4874769848712615,7.231979390156953,0.10340750774199786,39.01144420488404,45.83989836788104,0.11141142163083861,1,0
9,120.0,0.46533131802553007,-0.1997118301560939,0.7890671336348591,0.02952718134614854,35.7168115760867,0.6972533495674791,2.5967412177091,15.678750171760935,0.10889846423199842,84.17316961021544,106.74333265159898,0.11035737846225378,1,0
10,120.0,0.7106667545677361,0.32888132608223647,0.6640388753483533,0.36036911377126607,30.037712373333157,0.5509454759085249,3.4915713052323243,10.160529151971538,0.10441384438357547,24.764596897625896,29.152806228722497,0.11243511609816909,0,0
11,120.0,0.5796608971122041,0.005211277329275121,0.6163149756795,0.1979436844026359,33.82439072837258,0.7011071920088023,3.736513038738766,9.90288126007617,0.11171866800634697,44.58500623704647,54.911766446016244,0.11258968822723242,1,0
12,120.0,0.4954725268674151,0.009208202046856906,0.6294182721678094,0.13727517816277213,33.50039026887499,0.7206942330798938,3.8157069450086425,12.237346758135905,0.09988054138217811,55.26941591487892,69.71879760186613,0.1147577312127693,1,0
13,120.0,0.6844348981388786,-0.015851252732985044,0.8414373686202432,0.13085841356716787,32.594100225411445,0.6055475062420902,3.5782460141264956,7.835547947693084,0.10915246665083825,62.478990969797934,71.5054378059404,0.1092940323873297,1,1
14,120.0,0.6950927857007873,-0.09696168310167333,0.8412909304883204,0.13974149447265993,34.076725016617225,0.6415236768763729,3.5876710425841836,7.513207763431157,0.10357223085445606,60.21659157878804,69.04420144276064,0.11079678157865142,1,0
15,120.0,0.7316675251238807,-0.04813905363038662,0.6509148363755854,0.27911721352913005,34.470673167117475,0.6635444071889235,3.540743943468733,7.351929407347008,0.10876790019735182,33.90352711920532,39.96464275880808,0.11036303826320425,0,0
16,120.0,0.6888734263912415,-0.20916088565394864,0.6199678708662879,0.2890685709550871,36.193653760372,0.7222778557494278,3.3622348578396752,7.8602172283571825,0.10712719279657287,32.100007885853444,38.44410206430843,0.11078675031054189,0,0
17,120.0,0.4525767944128519,0.21150084537638986,0.7826977998072113,0.07593313938896461,28.34850850559712,0.545998906806776,3.458565225361402,13.13272456111656,0.07087977557122721,69.66128906926387,88.82892915037634,0.12295335741102423,1,1
18,120.0,0.6968078825192173,0.20747387016427904,0.710620521438419,0.2677615825369665,30.91580043986724,0.5623915544130949,3.527937712116754,9.275497584165695,0.1111735310593434,35.591664302106146,41.77532679077681,0.11121229068886208,0,0
19,120.0,0.6490594185835128,-0.20913195121702266,0.5900855257375908,0.2844506917008706,36.26571682535128,0.732532957625988,3.3046019144436265,8.642916612061539,0.10910486246717953,32.37069079931745,39.14217885305255,0.1106757677470749,0,0
